id,EAP,HPL,MWS
id27251,0.0010644494853382829,0.9981246002136354,0.0008109503010263414
id09612,0.04119244396931151,0.017650366770080472,0.941157189260608
id11943,0.0017677090608474602,0.0008739535042205119,0.9973583374349321
id19526,0.09518554560325604,0.10860657749898738,0.7962078768977566
id12931,0.0023176846808708866,0.001943586490572027,0.9957387288285572
id06733,0.9830215554797322,0.00946846906645584,0.007509975453811946
id16953,0.9153369836767551,0.030311896774728272,0.05435111954851659
id18063,0.27465378553154074,0.18892412688945512,0.5364220875790041
id12126,0.9829221217970933,0.004219980678236008,0.012857897524670777
id10971,0.9842573040798523,0.013896070948371064,0.001846624971776632
id12547,0.006233652805382214,0.9928824210899974,0.0008839261046203676
id02682,0.9689878413181433,0.021236932465330215,0.009775226216526461
id15489,0.9552458947313892,0.03934063042776125,0.005413474840849527
id20545,0.006268488281799032,0.9202815196834503,0.07344999203475074
id09929,0.02020660153238503,0.185742124366706,0.794051274100909
id08339,0.9278439741709902,0.06556859243732081,0.006587433391689018
id17930,0.0019498793625343288,0.000922869132378081,0.9971272515050876
id14710,0.9746927291954587,0.009357463466420747,0.01594980733812062
id04163,0.004726380863151647,0.9938136121768203,0.0014600069600281254
id10856,0.8753514019284717,0.0034928578485765964,0.12115574022295166
id17946,0.0010336965918351906,0.9971606482232613,0.0018056551849033916
id16836,0.0017075480559945462,0.0011451371898209182,0.9971473147541845
id09242,0.0018512610477171953,0.0009800870717825416,0.9971686518805004
id04575,0.7137366384303886,0.016048391931308536,0.2702149696383029
id22197,0.9667855540186073,0.00475932500622508,0.028455120975167638
id27119,0.1268178550283456,0.0067478185071186665,0.8664343264645358
id01984,0.006368228938107543,0.0008526928641671843,0.9927790781977253
id24172,0.07167428133994516,0.9195026291249565,0.00882308953509836
id09087,0.002619952413258025,0.000986958397536499,0.9963930891892055
id22832,0.9931483157409443,0.004815257943363975,0.0020364263156916686
id05428,0.076213434863058,0.547499613145844,0.376286951991098
id14429,0.08952395879820212,0.9066784965640222,0.0037975446377757137
id25030,0.04277670908751655,0.0039511535434966815,0.9532721373689869
id21894,0.9962811127219166,0.0023182494989220544,0.001400637779161402
id24686,0.8860322713547889,0.0051197831733566825,0.10884794547185443
id06840,0.22287632571092664,0.7451084888967966,0.032015185392276685
id24763,0.4573989719766554,0.39684072389008324,0.14576030413326135
id20320,0.15310344173675952,0.6992336762616694,0.147662882001571
id06379,0.9874268117369049,0.0016946478535320147,0.01087854040956304
id06429,0.9810822464940804,0.015068556191209621,0.0038491973147100947
id17388,0.9855509342712884,0.008976337708780665,0.005472728019930879
id11823,0.8141989305790339,0.004356859712160038,0.18144420970880618
id12924,0.980154146908792,0.013258093626456033,0.006587759464752021
id19834,0.00620641457382598,0.009413022365686462,0.9843805630604875
id01825,0.5932449708306708,0.14248666680029715,0.26426836236903206
id00415,0.6629379168359909,0.16857035184069047,0.16849173132331866
id01610,0.010145165427238948,0.9807150306846232,0.009139803888137971
id07462,0.9116275792450571,0.05182693678811209,0.03654548396683085
id27296,0.9389458461351233,0.03466250435091312,0.026391649513963448
id18565,0.9286681228176067,0.025927196055155057,0.0454046811272383
id11733,0.15108550894621986,0.6174102044341286,0.23150428661965158
id18279,0.5984013043031716,0.38815882432064847,0.01343987137617996
id14383,0.0018536035989498466,0.9958013923243824,0.0023450040766679874
id05625,0.0011313625432170374,0.9979343317222829,0.0009343057345001096
id05406,0.8802351470284692,0.11216650407906988,0.007598348892461034
id22317,0.983907602323883,0.013891036616828549,0.002201361059288569
id12569,0.0013621502372027855,0.9970210485748243,0.0016168011879729648
id09453,0.9074554526058329,0.08406297939026337,0.008481568003903739
id18307,0.6154795844191705,0.29633198107757663,0.08818843450325287
id15034,0.9942543657333491,0.0020873976611220793,0.0036582366055287114
id25485,0.20588550253385632,0.024309592805107305,0.7698049046610363
id00529,0.98530050610605,0.00400907000741899,0.010690423886530923
id00667,0.001982275275173707,0.001134251634293536,0.9968834730905328
id07439,0.15138240759668897,0.03935952529563923,0.8092580671076718
id25318,0.9626218562522341,0.0029659383402012352,0.03441220540756464
id00673,0.4511426816278772,0.18011057705138458,0.3687467413207383
id13188,0.01028456970095769,0.9885932535488444,0.0011221767501979835
id27629,0.6160995189832519,0.366356279475049,0.017544201541699136
id25056,0.006385387547592168,0.005086176616703961,0.9885284358357037
id18233,0.012723575073890872,0.0014338775753373041,0.9858425473507718
id20263,0.9764152424728052,0.004332343236864772,0.019252414290330006
id25220,0.16922633246115715,0.007784734708534954,0.822988932830308
id07326,0.004718175983940868,0.9928932474623626,0.0023885765536965638
id02012,0.001770520367054196,0.0011847482607105647,0.9970447313722351
id18628,0.994775144213774,0.0034794857738841122,0.001745370012341831
id17084,0.005591145062025845,0.993395636607747,0.001013218330227125
id09898,0.001355096870200173,0.9963736868931014,0.0022712162366984394
id07012,0.31103944541699713,0.008005013974542126,0.6809555406084608
id13214,0.9967007110943151,0.0015875356252639825,0.0017117532804207809
id19111,0.41680640791046103,0.41665224637335446,0.1665413457161845
id01955,0.009371276259243026,0.03236314772970493,0.9582655760110521
id03079,0.9161402146209157,0.031900112731917445,0.05195967264716683
id03764,0.9887444016371143,0.006384624725346878,0.004870973637538896
id20663,0.0011514798909062307,0.996484232640429,0.002364287468664716
id17379,0.4582941983850999,0.2481416059616602,0.29356419565323993
id00990,0.04282915131586116,0.0024942897531703384,0.9546765589309686
id01562,0.9970023093421881,0.0009101569800804946,0.002087533677731287
id20005,0.003739290797110707,0.9896523839005035,0.006608325302385743
id26167,0.005646112673314583,0.01754156895395331,0.9768123183727321
id11146,0.037588039103315464,0.02080303788988062,0.9416089230068039
id05247,0.008428388156972817,0.8779231176350638,0.11364849420796345
id14547,0.9250459335158284,0.06362187822260632,0.011332188261565386
id01229,0.9793156212402477,0.002427859473495296,0.018256519286256895
id20881,0.0017054935489384203,0.9972856100252369,0.0010088964258246913
id18971,0.012612801094129352,0.0033642013184718047,0.9840229975873989
id16703,0.7131202350969277,0.09067719592112759,0.19620256898194474
id04874,0.0035767343413660967,0.0010451763046871,0.9953780893539469
id17214,0.9118413651124335,0.07064142181372707,0.017517213073839452
id06402,0.9817836136199186,0.010650804535361533,0.007565581844719814
id01926,0.0023403148189277204,0.003620245105319253,0.9940394400757531
id23963,0.9967411950656452,0.0009673814123216466,0.00229142352203311
id13003,0.9941183654504698,0.0022763377169148988,0.003605296832615294
id26286,0.993611409053135,0.0014056463827907446,0.004982944564074213
id22639,0.002385513840934875,0.0008704772290179537,0.9967440089300471
id14305,0.0011348370537530765,0.9977757841665591,0.0010893787796878104
id18386,0.9527165607071826,0.03583631327965624,0.011447126013161238
id15779,0.0011673882435524207,0.9979997096664067,0.0008329020900407777
id07287,0.7311717787703177,0.25434208550705867,0.014486135722623708
id04086,0.04055675217662397,0.9380025910743971,0.021440656748978968
id06845,0.9876809681163352,0.003400103423861954,0.008918928459802848
id05847,0.005165466160904714,0.002173556219588688,0.9926609776195066
id07235,0.01898046068403794,0.9779293526331297,0.0030901866828323796
id13305,0.002569538618904103,0.01808499879743468,0.9793454625836612
id04859,0.9758490821260754,0.0022875543297826693,0.02186336354414199
id21702,0.9929146385612726,0.001665268215036244,0.005420093223691119
id12464,0.39152024981313066,0.15374342071966915,0.45473632946720016
id04858,0.0030475911224837615,0.004357058292090602,0.9925953505854257
id05208,0.0009242593265615199,0.9983310396707075,0.0007447010027310275
id16101,0.9815159424010041,0.0038596209487585693,0.014624436650237294
id03259,0.005249445193278703,0.0024123117182655086,0.9923382430884558
id08821,0.6495741148152164,0.2915842779273467,0.058841607257436895
id12684,0.936256468978052,0.0028331297745972706,0.06091040124735073
id21971,0.6201280987742188,0.0436181405367262,0.336253760689055
id19185,0.001772726218462409,0.0008173319324646112,0.9974099418490731
id12803,0.11548674749403338,0.7087865895132158,0.17572666299275075
id13638,0.9977924598879886,0.0009536721345152106,0.0012538679774962216
id12442,0.0021091109836772507,0.0012253676151355302,0.9966655214011871
id01864,0.5795853541307291,0.12552909514256946,0.2948855507267014
id04609,0.22617444364397477,0.14108424997573787,0.6327413063802875
id16405,0.6423691098010199,0.11625641087344991,0.24137447932553016
id06062,0.4237648868799773,0.4217444038942169,0.15449070922580568
id15411,0.06026267634009661,0.016772051804300466,0.922965271855603
id04331,0.05761727567414169,0.5260308539357537,0.41635187039010474
id02586,0.9431040708933951,0.03739140208169606,0.019504527024908905
id02269,0.11081558117348807,0.8804183088951981,0.008766109931313807
id15595,0.36619111228631734,0.3004833091734563,0.3333255785402263
id15376,0.7217844237992083,0.17912900616244365,0.09908657003834813
id22922,0.3535123798186331,0.07046262561559648,0.5760249945657704
id25105,0.9888517980509971,0.0018920560632912189,0.009256145885711777
id24335,0.005844614573190192,0.9913250666951662,0.002830318731643478
id10259,0.9921283384167362,0.004074117445432176,0.0037975441378316666
id00404,0.0028053919473700786,0.0009375316695098037,0.9962570763831202
id24888,0.7634466538993917,0.025056090650551116,0.21149725545005701
id06947,0.955287861156219,0.011296843613514013,0.03341529523026696
id00289,0.004695385605247401,0.9928794491261401,0.0024251652686124586
id13793,0.9950822970234449,0.002736098663943746,0.002181604312611421
id14938,0.0017846438110545061,0.002562139991942551,0.995653216197003
id08573,0.7429319330248148,0.024884956905892087,0.23218311006929312
id12254,0.03924070282429694,0.0032426876236413466,0.9575166095520617
id12394,0.9725469306350888,0.025432384219300858,0.002020685145610323
id22657,0.9923580961916117,0.0011783810325681965,0.006463522775820195
id25125,0.9750692297889082,0.004148058883777845,0.020782711327314136
id05570,0.1141402156543343,0.02460341817969298,0.8612563661659728
id26405,0.3459240540685186,0.013001959531521624,0.6410739863999598
id25600,0.4058550405508703,0.19743002167957516,0.3967149377695545
id20150,0.9805690464478722,0.015335198597639812,0.004095754954487941
id24474,0.0022026458179593253,0.0010018782635377668,0.996795475918503
id13890,0.17277276592080382,0.8027473603152769,0.024479873763919274
id21983,0.7245449728956238,0.15293267605673697,0.12252235104763927
id17383,0.9287399380196582,0.054066854511727706,0.017193207468614215
id19032,0.9871919055767276,0.009982524563445486,0.0028255698598267966
id11033,0.22813059355226697,0.7290342520059436,0.042835154441789425
id02008,0.0018284082944667968,0.9964395719606484,0.0017320197448848478
id01845,0.5585231252584876,0.42176330074601726,0.019713573995495278
id27128,0.6410746140164688,0.013660062906607713,0.3452653230769236
id17878,0.9881558744288147,0.0018247519805129975,0.01001937359067218
id05128,0.7030473662400114,0.16106062927490072,0.13589200448508784
id07562,0.09428479814254805,0.03569408063663793,0.8700211212208141
id02377,0.004280686172497832,0.001113549426796143,0.9946057644007059
id13833,0.005108270529805142,0.0009401131078972032,0.9939516163622977
id22676,0.5947456575453866,0.2652693858723802,0.13998495658223337
id23665,0.9858559628256639,0.0015273595532582205,0.012616677621077923
id18860,0.00200202035372821,0.0008813137890230907,0.9971166658572487
id25276,0.37494384676789466,0.6145573181644957,0.010498835067609685
id11845,0.001654281927618579,0.9975199262913977,0.0008257917809837556
id27221,0.5618624737809522,0.024490035752693373,0.4136474904663545
id07918,0.003089976680363486,0.0016069177178742447,0.9953031056017623
id09001,0.12550527958213967,0.3705477401236128,0.5039469802942476
id23480,0.009775115268551559,0.005340876451096853,0.9848840082803516
id02268,0.9479539283703199,0.04776311471160674,0.004282956918073445
id18487,0.24014925960296774,0.007393059197204808,0.7524576811998275
id15725,0.04254506988927726,0.0035789863046054543,0.9538759438061173
id15040,0.3009081664952282,0.07244625763884475,0.626645575865927
id05940,0.5355868302398528,0.009731107620951978,0.45468206213919515
id26900,0.034789808550193285,0.9565280378105201,0.008682153639286637
id05646,0.0031679952836039557,0.0026890435769478895,0.9941429611394481
id00198,0.17843204256125292,0.7027183974467666,0.11884955999198049
id23055,0.6599905561234354,0.037941815541501986,0.30206762833506273
id20415,0.9226131582129723,0.0427771308664974,0.0346097109205302
id16372,0.8187821975568776,0.0653636382500672,0.11585416419305523
id13115,0.27378778983380286,0.14981357101497314,0.576398639151224
id09372,0.004959014416955273,0.001029159386374278,0.9940118261966705
id21243,0.19119959504449602,0.2189408238876294,0.5898595810678745
id12975,0.9811428110560417,0.005625075366855325,0.01323211357710287
id02152,0.026789487863243713,0.9656740675524481,0.007536444584308133
id05707,0.8850113946835804,0.003928529253450527,0.11106007606296914
id26722,0.12954946482786767,0.8670304641146326,0.003420071057499759
id18208,0.0019481818290633432,0.0018934405942234531,0.9961583775767132
id25066,0.9517525203512106,0.01683140997061647,0.03141606967817289
id05116,0.1711743959540544,0.7733642529283253,0.055461351117620294
id10003,0.1657753593647576,0.05663171652911516,0.7775929241061273
id26966,0.034961199935201984,0.003036255759943265,0.9620025443048549
id05829,0.2827621507077711,0.14514319017332672,0.5720946591189021
id25035,0.7867050530989737,0.008374980165211106,0.20491996673581528
id19222,0.0033701848843240624,0.9932617407406429,0.003368074375033106
id13721,0.023013019583511037,0.9532293327375806,0.023757647678908436
id07541,0.22391719507772012,0.005324061924746273,0.7707587429975337
id16893,0.6431780923460418,0.3147397090391049,0.04208219861485319
id17821,0.028272274442657137,0.9700573165767025,0.001670408980640468
id25455,0.0016119860143915213,0.9964973883324107,0.001890625653197832
id25702,0.000970412156202945,0.9982194864134518,0.0008101014303454076
id04090,0.9961892364513067,0.0013247564964039835,0.002486007052289372
id24784,0.9906451786751012,0.004898410951608512,0.004456410373290452
id22483,0.9542966201335092,0.018449623274475736,0.02725375659201493
id02063,0.9940102662558017,0.0017778934024674186,0.004211840341730902
id11674,0.9514129376118848,0.0066655568962045685,0.041921505491910684
id24307,0.3556079387774454,0.07788915214806337,0.5665029090744912
id01202,0.05713436078579339,0.05214919416757163,0.890716445046635
id10403,0.0009437255527880781,0.998143180015814,0.0009130944313979063
id19361,0.9955635101850553,0.0020716695629145916,0.0023648202520302353
id09128,0.9326685051935573,0.015204322089049963,0.052127172717392846
id24337,0.0015197545522944312,0.001178193639422953,0.9973020518082826
id13849,0.0024468387334775792,0.0009058640320080314,0.9966472972345145
id00777,0.001043525981335605,0.9980639591064154,0.0008925149122490489
id16534,0.0014753268086305355,0.9976158229848511,0.0009088502065184405
id15455,0.0018612583264936214,0.0011000037407805482,0.9970387379327258
id06764,0.08497541335276515,0.900497598426557,0.014526988220677892
id04970,0.005367343891676611,0.05271466095668322,0.9419179951516402
id26524,0.003794928482684126,0.9942598265560761,0.0019452449612396257
id19098,0.06784608869411714,0.25811136237770954,0.6740425489281733
id26956,0.0016679575730862517,0.9970750415461928,0.0012570008807210012
id18254,0.9731563928188137,0.022919208890583142,0.0039243982906031856
id23098,0.9907091125024318,0.006998110398817695,0.002292777098750412
id15827,0.9918510749698987,0.006849458743068842,0.001299466287032483
id17418,0.03278830849116882,0.9468785647024371,0.020333126806394052
id26888,0.9975189030738262,0.0009014696463698143,0.001579627279804151
id10502,0.9224119334577329,0.020067245233104724,0.057520821309162334
id15536,0.056024316782548024,0.08664487517626913,0.8573308080411829
id10367,0.07392932550891096,0.04886556355800405,0.877205110933085
id02836,0.9596963531499036,0.029198348391638453,0.011105298458457825
id26334,0.6182023253799607,0.11852024668919099,0.2632774279308483
id14146,0.1270462966323103,0.31540358414474173,0.557550119222948
id22476,0.09877054726429042,0.00976659841916795,0.8914628543165417
id19981,0.02925054308225848,0.014057823655659454,0.9566916332620821
id13149,0.035112503314445105,0.9620657545549274,0.0028217421306275924
id22987,0.009021972217105453,0.12272209693722552,0.868255930845669
id02437,0.7178145236637099,0.19418159712378094,0.0880038792125092
id25375,0.9913992556127075,0.002853727564802868,0.005747016822489531
id27784,0.03292868531995624,0.014368822272924195,0.9527024924071196
id18392,0.9824981799477893,0.01603697511956916,0.0014648449326415223
id01010,0.35873098639351003,0.43746757691280913,0.2038014366936809
id02515,0.9419224515450515,0.03377577193337506,0.024301776521573462
id24667,0.3359343328016607,0.5355725519548968,0.12849311524344256
id09968,0.47283791685587745,0.08887832299365843,0.4382837601504641
id09801,0.6847312878137481,0.2706795886130877,0.044589123573164136
id07777,0.2121101946422191,0.17202212736498598,0.615867677992795
id02022,0.9444022557639625,0.029757061974906115,0.02584068226113147
id26531,0.05944869213082054,0.9346398214607489,0.005911486408430607
id06905,0.0011465119325417639,0.9979639660054106,0.0008895220620477124
id01590,0.0010801094256131518,0.9980261197303258,0.0008937708440610331
id07909,0.9948600998338284,0.0027737684434991426,0.0023661317226724215
id19095,0.0016648485811523262,0.9971148085788201,0.0012203428400276357
id07946,0.0011486801962627144,0.9978438153467891,0.0010075044569480991
id02435,0.6484222314077618,0.10459916935938611,0.24697859923285215
id25577,0.7453986875093438,0.005146802815938505,0.24945450967471783
id05776,0.9969959499247191,0.0014993076565789302,0.0015047424187020306
id15295,0.0017355454397739896,0.0009258915502483093,0.9973385630099778
id18691,0.4922932936888818,0.3406938097875077,0.1670128965236105
id24378,0.0024949164493283243,0.0009564526891344701,0.9965486308615373
id11359,0.896164448216541,0.07811406664197035,0.025721485141488653
id05027,0.9958658027735119,0.001742491530052174,0.0023917056964359623
id15187,0.010304013473420331,0.9884567948815391,0.001239191645040395
id13945,0.9956320071177326,0.0014043834290048583,0.0029636094532626174
id00153,0.9940892802079442,0.001145438210799728,0.004765281581256119
id02397,0.995822523659969,0.0021178390529231136,0.0020596372871079663
id12993,0.0012144318609783559,0.9971326850107357,0.0016528831282860326
id04122,0.003932397179474487,0.988763787365431,0.007303815455094592
id16086,0.9884328321679359,0.0056266009341932365,0.005940566897870794
id13669,0.9378877381317415,0.0178249825356758,0.04428727933258254
id03700,0.7634514684048727,0.04508390859850384,0.19146462299662345
id20541,0.03529532319238832,0.9522669936509419,0.012437683156669719
id20164,0.017987089201478127,0.9806702003794516,0.0013427104190702314
id19169,0.1968081745910328,0.006336711323357763,0.7968551140856094
id25253,0.9970378763409126,0.0012972958159072022,0.001664827843180211
id15979,0.7416917477872346,0.09894764343171876,0.15936060878104671
id21601,0.304237682825985,0.012874342993819114,0.682887974180196
id21755,0.7678404474941493,0.01183730982238615,0.22032224268346468
id07663,0.11710733685033586,0.19015030978316708,0.692742353366497
id19754,0.0022741508378723266,0.00098820837051597,0.9967376407916118
id23810,0.008302349954631059,0.0019294832334032692,0.9897681668119658
id22249,0.5494427578773757,0.025326958545963715,0.4252302835766606
id05064,0.062266229631861965,0.14806402703732777,0.7896697433308103
id16503,0.18201626242204672,0.13496841375860844,0.6830153238193448
id09299,0.9450647313173893,0.003553518371290794,0.05138175031131992
id01258,0.9772996979862544,0.014710101248107163,0.007990200765638568
id17206,0.2478510105654709,0.32134010541004526,0.4308088840244837
id24399,0.9960436428314928,0.002186528947039686,0.0017698282214674767
id18765,0.8651096708434798,0.12435816388247974,0.010532165274040583
id09978,0.0012078168724628019,0.9967751285273035,0.0020170546002336036
id20016,0.5408497705692986,0.09538453776649965,0.3637656916642018
id27483,0.10709044129625504,0.638878148014677,0.254031410689068
id01080,0.0016187220544271427,0.0008483524831820497,0.9975329254623908
id09843,0.0017067095656443344,0.9968242437806666,0.0014690466536889848
id07021,0.9774082068835481,0.007430244598173562,0.015161548518278343
id02570,0.04281444815290178,0.9452895870385092,0.011895964808589088
id07149,0.996281169976433,0.001437715141770164,0.002281114881796803
id27767,0.9952760879527379,0.0031968877863912705,0.0015270242608708764
id09925,0.0029363613941380644,0.008312418849367335,0.9887512197564946
id16212,0.049808261278293846,0.8230119302858082,0.12717980843589802
id02253,0.9583841228900365,0.03533252952037774,0.006283347589585705
id02676,0.3609596853247501,0.021893118626405566,0.6171471960488443
id16060,0.5550535392347252,0.014665661026794818,0.43028079973847994
id23740,0.020314749051174714,0.9591183738619092,0.020566877086916024
id27551,0.9940179900202275,0.0026387180964387636,0.0033432918833336974
id14449,0.0019660748037327574,0.9922901326261458,0.005743792570121441
id10263,0.8155212670810125,0.07248874777084813,0.11198998514813945
id25055,0.0025193396615883147,0.9788988252671054,0.018581835071306296
id17910,0.8238151273273253,0.007698715717955884,0.16848615695471883
id25479,0.0018375940643449683,0.0008366102712484124,0.9973257956644067
id19167,0.9356142217056836,0.015712296190809966,0.048673482103506444
id19510,0.03756635150663733,0.16537631559758625,0.7970573328957764
id01291,0.8991289344747888,0.05233649238714299,0.04853457313806823
id10130,0.9827800835412378,0.007588828323570479,0.009631088135191706
id13200,0.004028385974686311,0.001220087177652458,0.9947515268476611
id08441,0.9920355530338943,0.0014146312569437098,0.006549815709161944
id13439,0.9217456631177651,0.0157544991775012,0.062499837704733864
id10948,0.9862873636730157,0.007841162461300316,0.005871473865683892
id17262,0.36807702460256797,0.02113532844483536,0.6107876469525967
id11137,0.9825871234470371,0.007040873738897159,0.01037200281406576
id00710,0.0084252822851563,0.0022670785939278627,0.9893076391209158
id17471,0.006585618508158284,0.00306129920017972,0.9903530822916621
id05451,0.5819093558023573,0.1950770412076659,0.22301360298997683
id05685,0.577047690831366,0.3388474288755863,0.08410488029304776
id07636,0.003793963041868697,0.9881677880952152,0.008038248862916113
id00086,0.9404059980630785,0.04152343497625438,0.018070566960667223
id21089,0.0028666744724123827,0.0009231292196787956,0.9962101963079087
id11617,0.10652688264519823,0.8871360449239788,0.006337072430822971
id15872,0.8379559254905455,0.09266799559931803,0.06937607891013643
id18850,0.005344658955429578,0.025224322470134276,0.969431018574436
id04058,0.974957106500809,0.01839963687107218,0.006643256628118755
id01628,0.9442806025301635,0.0032705847948766506,0.05244881267495991
id26475,0.7611285820621423,0.06587675228181508,0.1729946656560426
id22990,0.4547765042915966,0.2945057551134754,0.25071774059492796
id12781,0.9690169265016905,0.005961745095584336,0.025021328402725185
id15574,0.3189835484921349,0.025863283623355396,0.6551531678845097
id00218,0.9742020517296303,0.004827215714357975,0.020970732556011836
id00082,0.013996057048665836,0.9798975396452104,0.0061064033061238214
id25297,0.8353292260945633,0.1464873860382334,0.018183387867203218
id11248,0.9952633070630496,0.002733791700361643,0.0020029012365889104
id09166,0.2592384726870151,0.011139687738088192,0.7296218395748967
id04620,0.9899313302802536,0.0018306623853803314,0.008238007334365966
id24215,0.5763928497874132,0.03356612078908131,0.3900410294235055
id07971,0.02357977874663306,0.973585772950233,0.0028344483031340216
id18361,0.004298465525566412,0.007915472061238138,0.9877860624131954
id09080,0.004903837324017017,0.0016542813063540873,0.993441881369629
id15149,0.013746212984682857,0.0019473879798718216,0.9843063990354453
id11994,0.9878448031404113,0.0029039455385577056,0.009251251321030845
id00971,0.004967297647452937,0.9698693060466489,0.0251633963058982
id14427,0.0031115988616883506,0.001441902798513751,0.9954464983397978
id09840,0.8274475033970617,0.0035311057332086267,0.16902139086972964
id02930,0.976770934307022,0.009044746419763359,0.014184319273214717
id09020,0.968268854625904,0.005029143392825032,0.02670200198127103
id22474,0.0028271602665410557,0.004705476021251895,0.9924673637122071
id14085,0.35244928821418026,0.6029152537435524,0.044635458042267255
id23355,0.9770433541099296,0.01332241175356772,0.009634234136502667
id05762,0.997119319197724,0.0009308040634182878,0.0019498767388576403
id18134,0.9928193533240849,0.003985171329024886,0.00319547534689032
id22415,0.5332578501199533,0.17437513474693336,0.2923670151331132
id26387,0.1936816074034554,0.00790630667806468,0.7984120859184799
id06134,0.571229006835653,0.0919782226460698,0.33679277051827716
id26830,0.016560383189010583,0.9817994355328322,0.001640181278157236
id05850,0.0011154654647470624,0.9973731663268021,0.0015113682084509615
id27346,0.01714051306905141,0.9466806909413208,0.036178795989627914
id02605,0.09158795570474083,0.7725039706643481,0.13590807363091098
id10940,0.012178606522511437,0.010175803985157971,0.9776455894923305
id03916,0.002052600001276114,0.9967223742872228,0.0012250257115011699
id04312,0.08087152495621712,0.8721346951079837,0.04699377993579914
id20955,0.016355639725213787,0.001470167553259013,0.9821741927215273
id19894,0.9377563201145511,0.04607755233511356,0.016166127550335363
id10258,0.9392357494026359,0.05593465107929727,0.004829599518066841
id24152,0.005442847506553948,0.0015013230727312261,0.9930558294207149
id04295,0.8383092740998398,0.09411993237156331,0.06757079352859702
id08510,0.9955716924361001,0.002074086475855923,0.002354221088043807
id18544,0.054324427412126626,0.9377220974894902,0.007953475098383228
id26787,0.001080653876821664,0.9980839860865286,0.0008353600366498363
id11610,0.9929163532837498,0.0014391453694753457,0.005644501346774893
id19424,0.0010962910732510963,0.9980251464107791,0.0008785625159697806
id24731,0.0058584407151355865,0.002260016054357116,0.9918815432305074
id07846,0.002204975668252226,0.9963326631467145,0.001462361185033268
id04059,0.21962974832052007,0.7723331677468629,0.008037083932616968
id25352,0.050263228488782286,0.004802372399595754,0.9449343991116219
id09655,0.7286681364372106,0.261011359440257,0.010320504122532412
id15287,0.8737153760386592,0.12098397051573136,0.005300653445609291
id20447,0.9666623779205592,0.02992647865283755,0.0034111434266032837
id08044,0.02396396161494584,0.003718454656303244,0.9723175837287509
id21172,0.002702227291455101,0.0008680063229638551,0.9964297663855811
id19300,0.7573753549359125,0.1246314681587275,0.11799317690535997
id04865,0.047061142600026584,0.9505370201100494,0.0024018372899241133
id27594,0.13431222216801605,0.8511563556836294,0.014531422148354537
id22678,0.378304697688803,0.012254638575455702,0.6094406637357412
id25885,0.3313693484695186,0.662224740259647,0.006405911270834351
id10405,0.5662678446452096,0.3385327849862187,0.09519937036857173
id05343,0.26107998604876764,0.016496677581993125,0.7224233363692392
id02820,0.004428720198516495,0.0021679686567342236,0.9934033111447493
id15406,0.258047265399182,0.7365500168050568,0.0054027177957611345
id13840,0.0011807127665477205,0.9977332889301613,0.0010859983032909563
id10008,0.004335440113495707,0.0012789302199344573,0.9943856296665698
id03478,0.019661463707343056,0.9641265487459041,0.01621198754675285
id11489,0.005505444452149936,0.0015928845791894554,0.9929016709686606
id01873,0.016044198979584246,0.982724701864038,0.0012310991563777508
id01640,0.0013241099327738265,0.9974865959795381,0.0011892940876880294
id26682,0.9967028601499278,0.001601738935159458,0.0016954009149127505
id05642,0.0025585627778674084,0.0016173589844711018,0.9958240782376615
id03312,0.000972874683776987,0.997845640752758,0.001181484563464991
id03949,0.9470468143052605,0.04589885222490802,0.007054333469831572
id23015,0.7899168698314595,0.20403393781635917,0.006049192352181324
id18003,0.9925399218176864,0.0026292360949158843,0.004830842087397894
id00548,0.9684651714004401,0.006371196068481827,0.025163632531078107
id25730,0.006576766735351312,0.004884781178097148,0.9885384520865516
id18957,0.19898522316947528,0.007361697044776731,0.7936530797857481
id20072,0.10210562575066857,0.09056300805909594,0.8073313661902354
id06710,0.3618673851682934,0.09764134310000515,0.5404912717317015
id02029,0.995000990819945,0.0009766053842259301,0.0040224037958290345
id03739,0.4872487287988168,0.004680282176080924,0.5080709890251023
id18389,0.9954096427949938,0.0023114677596447974,0.0022788894453612805
id18923,0.05531864688815163,0.03564729626846951,0.909034056843379
id10882,0.10080930261639716,0.009122722550169523,0.8900679748334334
id21774,0.001962604288799583,0.0010113241683786267,0.9970260715428219
id06412,0.009252408033496909,0.002940674025333523,0.9878069179411696
id16678,0.9914147800658916,0.004291404132867768,0.004293815801240694
id04397,0.0010249461571356813,0.9981288098268516,0.000846244016012686
id25481,0.10687353443331586,0.003062591208092108,0.8900638743585919
id22511,0.0024889475049432014,0.0008012879287360263,0.9967097645663209
id25531,0.75124790255719,0.09339309461326917,0.155359002829541
id13858,0.9973939982706804,0.0010731234866063254,0.0015328782427132751
id22937,0.4296955831181193,0.0036312907382191873,0.5666731261436616
id05739,0.7039288007237002,0.2629455888137848,0.03312561046251484
id23893,0.0024027036139901985,0.0009910309073271877,0.9966062654786826
id02187,0.9560945172446567,0.019837682492912,0.024067800262431365
id00572,0.0026467243684949932,0.0009298812215912429,0.9964233944099137
id12139,0.980981219512619,0.0028266985564453936,0.01619208193093558
id00268,0.0024362484565150356,0.0010297255930019086,0.9965340259504831
id27074,0.9944793196425925,0.0011775507101090801,0.004343129647298512
id17788,0.0353151501161735,0.9622592590046614,0.002425590879165072
id12101,0.8785078478044847,0.01966719601287004,0.10182495618264538
id14428,0.5180862835863288,0.4323775333746884,0.04953618303898281
id26495,0.5647824514612014,0.42509890465549466,0.010118643883303927
id12894,0.0008752748794512753,0.9984319312916726,0.0006927938288761264
id26911,0.8041452820805821,0.011558128749293817,0.18429658917012418
id06899,0.9653951300163373,0.02123962241692708,0.013365247566735503
id11263,0.0016601234865814309,0.0011210395301603116,0.9972188369832583
id11256,0.007712924952396675,0.12618238898207745,0.8661046860655258
id14529,0.001690793603399508,0.0017812498933668902,0.9965279565032336
id04256,0.5232103800264057,0.24419807805711854,0.23259154191647577
id19152,0.9955422630439487,0.001233499621008074,0.003224237335043272
id12699,0.99566746711552,0.0017755333006446517,0.0025569995838353853
id20645,0.9971972459297733,0.0012552974119990944,0.0015474566582275534
id15910,0.39830929968931206,0.005809107151707992,0.59588159315898
id16897,0.9913440138043611,0.005395626184821382,0.003260360010817491
id19225,0.4150203831785104,0.3077245760771445,0.2772550407443451
id15103,0.004417299507930689,0.003768608187118938,0.9918140923049504
id10738,0.029954576874366284,0.9552620398261501,0.014783383299483645
id01098,0.09651262680374256,0.8555290816986574,0.04795829149760014
id21943,0.0022648742099571524,0.0012785558843558496,0.996456569905687
id27077,0.963063413217215,0.012006562383118336,0.024930024399666642
id09914,0.9963863491734622,0.0011455527205011388,0.0024680981060366657
id09241,0.9751713382906936,0.005165722736942094,0.019662938972364326
id04228,0.9640475425803562,0.0015991549264699546,0.034353302493173817
id05632,0.9329736985496923,0.05679055190616461,0.0102357495441431
id27534,0.9949012401593779,0.002752193456485202,0.002346566384136945
id07045,0.42130643254328043,0.5420382825819997,0.03665528487472002
id07441,0.019570883821034387,0.0018845045564125785,0.978544611622553
id26040,0.9609429155284831,0.01702497769154711,0.022032106779969796
id17860,0.002564283048469018,0.0020240109487192092,0.9954117060028117
id27287,0.6388688268881216,0.10183069716450655,0.25930047594737177
id25258,0.5154908675184596,0.030166779926093467,0.4543423525554469
id06690,0.9928666223852273,0.004950438854614342,0.0021829387601583813
id12761,0.957895535568546,0.026257464662204844,0.015846999769249207
id05071,0.03714287400620021,0.005415527078237485,0.9574415989155624
id12506,0.008987097959240081,0.9892906165348977,0.0017222855058622126
id03274,0.6510376595363843,0.0059576938565618145,0.343004646607054
id16515,0.9714082398689166,0.012915261550848127,0.015676498580235298
id03288,0.9958926399068709,0.0010384919701993762,0.003068868122929663
id03704,0.5193521640173714,0.3165822097349677,0.1640656262476609
id01078,0.970443647062301,0.0246148674626129,0.004941485475086125
id05315,0.004251108437069697,0.0013815722653186273,0.9943673192976118
id10719,0.0011316232688160486,0.9973231445979068,0.001545232133277184
id24218,0.933187833158199,0.06185355571701742,0.004958611124783574
id11672,0.9885011865121588,0.0018521243901486793,0.009646689097692488
id24576,0.9973758923074403,0.0009203848896867715,0.0017037228028729662
id23412,0.9945613735937234,0.002346685887054108,0.003091940519222606
id07914,0.0013957144474257756,0.9972274830538389,0.001376802498735233
id21402,0.9966858185824697,0.0012991654384772065,0.0020150159790530424
id24623,0.046413300377997097,0.805230907703812,0.1483557919181909
id20139,0.9780613606507321,0.006063032055023998,0.01587560729424398
id10141,0.002893245771592527,0.0013123680021301931,0.9957943862262774
id00604,0.9958773929609767,0.0017547690692505536,0.0023678379697727792
id13415,0.0013128981325276788,0.9979155415167469,0.0007715603507255307
id25376,0.29248553135847294,0.6628438552322748,0.04467061340925229
id23566,0.002930576156751312,0.9960460895207041,0.0010233343225445417
id09714,0.5551953244702642,0.18074844552941446,0.2640562300003215
id16019,0.0930809434230942,0.8736699054705817,0.033249151106324086
id19788,0.0026612943807368832,0.0009402206247589488,0.9963984849945042
id20100,0.008236062447937969,0.5624763989476709,0.42928753860439123
id18194,0.002271527893011327,0.0010064735637647325,0.996721998543224
id26093,0.006654860112133256,0.04941789903026916,0.9439272408575977
id09422,0.9511978926564391,0.01857793364061187,0.030224173702949105
id14985,0.0026135955575571543,0.0012500524436830924,0.9961363519987598
id06752,0.0017959558187539378,0.0011317496073518067,0.9970722945738943
id14717,0.0015986489113013075,0.000999124948703552,0.9974022261399952
id11569,0.004476775149019071,0.9830855180221616,0.012437706828819369
id22135,0.0013424986614258103,0.9977358917353841,0.0009216096031901683
id22176,0.0034540754185847637,0.9909611599045048,0.00558476467691037
id11901,0.005378967126299508,0.9934679851922649,0.0011530476814356997
id20071,0.002097883063616749,0.0009271127150718433,0.9969750042213114
id08130,0.0020010877749970517,0.0010078533192188184,0.9969910589057842
id12632,0.002734643630006608,0.9963078141623022,0.0009575422076913328
id07717,0.12053754678698762,0.8126629388452155,0.06679951436779695
id09921,0.9666751129103389,0.023172552940035108,0.010152334149625963
id09990,0.0017298837170017024,0.9972746328981269,0.0009954833848713276
id03060,0.995367411730799,0.0012555890677023122,0.003376999201498726
id14122,0.0010430284891799182,0.9979867833821906,0.0009701881286296056
id15315,0.2120737427888402,0.0033309841743025463,0.7845952730368572
id10279,0.8746631964485845,0.07635641162212835,0.04898039192928713
id12401,0.7776487958896027,0.016760899764961215,0.2055903043454362
id19766,0.013685206978989445,0.004121053217102283,0.9821937398039083
id27403,0.001131500207946832,0.9977697090615257,0.0010987907305274422
id22192,0.11514666826543513,0.13600618895240432,0.7488471427821605
id11854,0.0018755155839278736,0.0015339378097409334,0.9965905466063312
id24504,0.9974832123082994,0.0008530451026940892,0.0016637425890065835
id24745,0.9782532641503585,0.0021015867071027005,0.019645149142538818
id22813,0.7592469215195887,0.12824866206983754,0.11250441641057374
id18019,0.983257546625805,0.008887561601985313,0.007854891772209771
id27062,0.9950168604029729,0.002239669554565509,0.0027434700424617555
id24900,0.9973634683604389,0.0010077596068541526,0.0016287720327069807
id20932,0.012377563111194081,0.0015801891940102981,0.9860422476947956
id02532,0.12147011546188474,0.14949430330947763,0.7290355812286377
id02841,0.12999760762490645,0.008244763151107266,0.8617576292239862
id16885,0.7118442889737566,0.03653836371896383,0.25161734730727964
id26228,0.03825381787634314,0.017547936720360376,0.9441982454032964
id03940,0.5818262524527886,0.2189060138145399,0.1992677337326716
id04255,0.8845124532162885,0.09132188689228654,0.024165659891424912
id26090,0.06757158668240341,0.016228912393023532,0.916199500924573
id17086,0.004237324714807006,0.9924869234597181,0.003275751825474902
id09833,0.9920938230635774,0.0029317582640002115,0.004974418672422424
id05188,0.036512290013815195,0.8937565076870794,0.06973120229910537
id04559,0.9672840522443303,0.006040975617660958,0.026674972138008648
id26503,0.3145463107842416,0.6708493360113214,0.014604353204437079
id13851,0.9893254656770051,0.008261683032989535,0.0024128512900053406
id02672,0.2175038431713829,0.5649132094797219,0.2175829473488952
id19820,0.9442384143854866,0.02128001555789302,0.03448157005662046
id05263,0.9122050470106607,0.0772126970399791,0.010582255949360263
id12737,0.00271314821662925,0.0009270857703590326,0.9963597660130117
id16852,0.6118209333540691,0.0938428155097738,0.29433625113615713
id06394,0.01610673169012862,0.0021173055044270794,0.9817759628054444
id26290,0.9914423089918994,0.0035138262214592345,0.005043864786641354
id26341,0.0015842246866030918,0.0009257114377325303,0.9974900638756644
id27012,0.1359284033707064,0.8495994942044568,0.01447210242483696
id20686,0.3026214765640393,0.008889526345197627,0.6884889970907629
id12474,0.9931319389086498,0.002840792879935208,0.004027268211414997
id20859,0.9964630040130363,0.0019750996812332115,0.0015618963057304873
id25111,0.17866429805835427,0.7244567361095026,0.0968789658321433
id11783,0.08287784210080855,0.008463573070069333,0.9086585848291221
id07278,0.009825270568534626,0.9866992013593817,0.003475528072083679
id03444,0.48938990615741407,0.05177770094618794,0.458832392896398
id05967,0.08284392300539474,0.00351263829338905,0.9136434387012162
id16275,0.06459204269881778,0.045298984251285555,0.8901089730498967
id09759,0.0025882990277663934,0.9921671086660625,0.005244592306171296
id20187,0.8162396767753143,0.1299154506704439,0.053844872554241856
id27015,0.9859252294930115,0.004664711810503167,0.009410058696485283
id19155,0.0032496801924628304,0.9940098928802895,0.0027404269272477133
id23819,0.00418228363328068,0.020204895680114247,0.9756128206866052
id20793,0.9011297790715108,0.014109338706176457,0.08476088222231278
id17933,0.028718245206875135,0.0020660965994422076,0.9692156581936825
id24907,0.00152746244772992,0.9971045015579026,0.0013680359943673362
id06779,0.46180409275211565,0.5207900387788339,0.017405868469050356
id03854,0.9691443820992948,0.022613276960881057,0.00824234093982408
id22721,0.004762888121941458,0.993822305345561,0.0014148065324975777
id20133,0.24940298862116717,0.5656848422176598,0.18491216916117295
id07359,0.0013676496381526682,0.997543632164961,0.0010887181968862716
id03654,0.15212848627211098,0.0074194671845604,0.8404520465433286
id26791,0.0009610486068518093,0.9980693898535575,0.000969561539590644
id19673,0.9721165352633013,0.007563780920748141,0.02031968381595062
id12944,0.259939687874535,0.0722095562483273,0.6678507558771378
id17430,0.016084697202914007,0.9796963585530399,0.004218944244046073
id11939,0.9087771930749513,0.023423964414801837,0.06779884251024691
id12270,0.015977807019303004,0.9811164896377885,0.0029057033429084347
id16865,0.989036934623439,0.008127305308078528,0.002835760068482619
id26360,0.962020193118765,0.022399531507407085,0.015580275373828055
id17450,0.9906123157855914,0.007178376684514626,0.0022093075298940845
id11391,0.4455392634880451,0.2676545669069383,0.28680616960501665
id24404,0.9867065244653248,0.006391669133441087,0.00690180640123413
id17475,0.10485508513119936,0.7769313718884033,0.11821354298039739
id04966,0.6171894611645006,0.3550474730929083,0.027763065742591117
id06555,0.0036754475094505565,0.0022745354102984322,0.9940500170802511
id18576,0.034680153740374066,0.0014733182765058821,0.9638465279831201
id07364,0.28637190278997254,0.045724391934934265,0.6679037052750932
id16508,0.9589799154610237,0.016316017941005994,0.024704066597970243
id09959,0.18642678595300885,0.010313813660433326,0.8032594003865577
id25007,0.042562840949907206,0.0024051567217241742,0.9550320023283687
id18745,0.9970067175119804,0.0011349015558395918,0.0018583809321800163
id07627,0.4490389541676385,0.029867957599812287,0.5210930882325492
id25227,0.0027489318861234915,0.001771249517645514,0.9954798185962309
id22339,0.0017762251435896324,0.0008076718070625552,0.9974161030493479
id08616,0.0009761290491243869,0.9982363754868292,0.0007874954640464704
id03794,0.6725165033777113,0.006733522990922024,0.3207499736313667
id15730,0.0019076006296416426,0.997018054182028,0.0010743451883301564
id22741,0.9271191621332621,0.06452926902120276,0.00835156884553521
id18455,0.0020050237816064023,0.9933016613013436,0.004693314917050172
id07765,0.9762398060700527,0.003580452177150384,0.020179741752796975
id05490,0.02246286743378027,0.0015356264624498777,0.9760015061037698
id15640,0.008845468186617961,0.9899401774661042,0.0012143543472779093
id24528,0.9938354153522555,0.004761583265869523,0.0014030013818751043
id00232,0.048922823124322716,0.9104352721461888,0.04064190472948844
id19565,0.9950365808169818,0.002033773805015094,0.0029296453780032084
id18623,0.0018264856744397498,0.0019026337571043592,0.9962708805684559
id07306,0.3124917568783588,0.018785880345939542,0.6687223627757017
id26396,0.0024115284444383846,0.0015369598747021918,0.9960515116808595
id15691,0.0021175535949613834,0.0008067625679301903,0.9970756838371084
id19392,0.0016462617691463323,0.9974819210187938,0.0008718172120597759
id06008,0.012923436761573053,0.9857945175100173,0.0012820457284096172
id20182,0.9668475950732818,0.021441143344252803,0.011711261582465424
id05975,0.990229357627498,0.0058143926480205,0.003956249724481646
id18750,0.966764730229948,0.015786828337796478,0.01744844143225541
id18126,0.0018437070476294984,0.9967827142843609,0.0013735786680096477
id00103,0.008037717121794382,0.9906593662780527,0.0013029166001529088
id19816,0.7286553073105377,0.009018653096996994,0.2623260395924652
id11669,0.0017455249540754183,0.0008933056312362946,0.9973611694146882
id08022,0.016600161973715426,0.980401667039961,0.0029981709863235537
id04481,0.06118824035840257,0.003530434732723377,0.9352813249088742
id12711,0.0011330020683197827,0.9979464600031197,0.0009205379285605665
id23512,0.0009768713947886642,0.9981498084805501,0.0008733201246612838
id23228,0.0011276072023543007,0.9980719704853943,0.0008004223122513622
id14890,0.05303798015077534,0.058468169419379185,0.8884938504298455
id15080,0.008149802326402288,0.9893060919377912,0.00254410573580659
id18979,0.767785596059392,0.2255095351669872,0.006704868773620781
id26683,0.004511431392144524,0.0037672066601632886,0.9917213619476922
id14291,0.0018631356469968035,0.0009072156004332736,0.9972296487525699
id06572,0.019206599828398094,0.9335496677709457,0.047243732400656276
id26370,0.9827407638809289,0.00939302059587105,0.007866215523200047
id24928,0.9957204397946241,0.0025808607661682585,0.0016986994392076359
id19233,0.8426682646629944,0.09300876268069753,0.06432297265630821
id06495,0.0027888703789889398,0.0023743071323638035,0.9948368224886472
id22646,0.8225684067938176,0.02589896891691194,0.15153262428927056
id26347,0.9906852751789713,0.006648374884414988,0.0026663499366137394
id09172,0.19086890384187186,0.6794377875347823,0.1296933086233458
id16748,0.0009697110900473489,0.9977325019177966,0.0012977869921561118
id19432,0.784470834522604,0.005288739844784903,0.21024042563261122
id07433,0.20291509620188078,0.7675171147380099,0.029567789060109363
id12365,0.07059622722549047,0.03690172276579289,0.8925020500087166
id20112,0.007099445036518268,0.0008915132916364615,0.9920090416718453
id12853,0.0567895366524582,0.90697447027401,0.03623599307353173
id16183,0.0014678514646679255,0.9974215314721028,0.0011106170632293037
id06676,0.9917298765002681,0.0013498331454448334,0.006920290354287162
id11420,0.97446600361481,0.008606475892070283,0.016927520493119828
id15586,0.0030990562573880043,0.0011343247423163006,0.9957666190002957
id13585,0.13358332060108355,0.007548366622008012,0.8588683127769084
id02251,0.7888104160165069,0.004166063037181553,0.20702352094631146
id24902,0.9955678561668635,0.001851503171895227,0.0025806406612413246
id02505,0.2453316905418671,0.08233434491525328,0.6723339645428797
id15756,0.9892567059418799,0.005321373005720682,0.005421921052399457
id00260,0.042795429623225266,0.003971278411461467,0.9532332919653133
id02779,0.003603283948167252,0.0011062733779113097,0.9952904426739214
id06639,0.028988482602425255,0.9689302660400613,0.002081251357513599
id07996,0.06432722458465234,0.004663467849595151,0.9310093075657525
id05526,0.0045303311407574156,0.003835551353209428,0.9916341175060331
id13066,0.09594573555615009,0.029019294898327257,0.8750349695455227
id09689,0.3041971034383299,0.2625469572714186,0.4332559392902515
id04739,0.9967518610479617,0.0011451943396318528,0.0021029446124063975
id27666,0.9005484673210056,0.04192339631255271,0.05752813636644164
id16220,0.3826137982271789,0.6071654100485824,0.010220791724238823
id10761,0.9972385033352564,0.0009746093742233369,0.0017868872905203086
id19507,0.8279837906439824,0.15557291424762643,0.016443295108391088
id12314,0.9955505251830753,0.0020820083911972705,0.0023674664257274576
id07584,0.9931432652060179,0.002399284263542548,0.0044574505304395915
id08565,0.10188521244723132,0.01396839174702749,0.8841463958057413
id01052,0.959714032044004,0.02030488646082015,0.01998108149517584
id14222,0.0019417528935765944,0.9968691890247868,0.0011890580816365614
id15971,0.0014881036929080525,0.9972791358700004,0.0012327604370916034
id19248,0.4358818311286925,0.5255792799763529,0.03853888889495458
id25152,0.9452379979468856,0.04261118509906922,0.012150816954045329
id17987,0.009071862928311665,0.989464617715536,0.0014635193561524191
id13045,0.0013980199270352683,0.9966893387650414,0.0019126413079232664
id11718,0.011944855106485082,0.9867456912460958,0.0013094536474191696
id13484,0.6197934907439187,0.07475881137128565,0.3054476978847957
id21324,0.4049404167884087,0.4398589472094692,0.15520063600212206
id10531,0.009071280633394555,0.9806187356329428,0.010309983733662749
id25547,0.01713590528109716,0.12692923958074753,0.8559348551381554
id21276,0.00280337199093968,0.9951698103921017,0.0020268176169585205
id03583,0.9543705215576322,0.03068541888227529,0.014944059560092383
id14112,0.30976457129307516,0.08755277716903098,0.6026826515378939
id04335,0.947167223442584,0.006037480369119987,0.04679529618829594
id15600,0.5588073288167789,0.10042422902502446,0.3407684421581966
id11403,0.9880896474213009,0.0105915077569907,0.0013188448217084775
id09897,0.1327536189525966,0.8327151164071971,0.03453126464020638
id26539,0.07692421754038542,0.8115261097745653,0.11154967268504928
id06613,0.004312673362443127,0.0010661289699625456,0.9946211976675944
id06956,0.9964118053530692,0.0020427693576597233,0.0015454252892712593
id26255,0.9958153085189264,0.0017902718701970563,0.002394419610876527
id16083,0.0801745201423781,0.06585627741394064,0.8539692024436812
id15372,0.001163249533922409,0.9971534878325379,0.0016832626335396726
id16518,0.9875279272833231,0.004779535933832704,0.00769253678284425
id15094,0.9816754433903143,0.01111335598793895,0.0072112006217467176
id19193,0.9701659748334287,0.00783789857162258,0.02199612659494879
id13877,0.2630363487399392,0.7157159572010544,0.021247694059006384
id02858,0.023217363174021174,0.0026392889710911767,0.9741433478548877
id14102,0.002510760105441545,0.0008109341793077713,0.9966783057152506
id12230,0.9428093962319245,0.022703128974360557,0.034487474793715014
id20667,0.9465261345625553,0.017721960359451602,0.035751905077993036
id00862,0.8047664977654386,0.021526903253067758,0.17370659898149357
id17882,0.985213958898651,0.00740521870697211,0.007380822394376885
id27928,0.90991151272508,0.029164920542091632,0.06092356673282843
id10800,0.8530481292179907,0.11116774468840109,0.035784126093608225
id19601,0.011907315276244182,0.0022512791374896604,0.9858414055862662
id20946,0.0011608365179802446,0.9979191467353661,0.0009200167466537063
id04974,0.0023148740777934346,0.9961722056851361,0.0015129202370703948
id26455,0.0012383098824354094,0.9978309363693257,0.0009307537482387713
id16351,0.8935000586773824,0.07017794945817425,0.03632199186444346
id04280,0.9956380029915849,0.002291956961970845,0.0020700400464442625
id08965,0.08552240191543631,0.902834017489142,0.011643580595421678
id03625,0.0022538251392206273,0.0013019663224021793,0.9964442085383771
id08805,0.8773906159744039,0.07360297185666283,0.049006412168933366
id20828,0.0011396886731853155,0.9977695960119206,0.0010907153148941285
id24157,0.08481531412813864,0.004461388434706092,0.9107232974371553
id10245,0.0462691719445406,0.8949807030883234,0.05875012496713591
id13791,0.5253938809911676,0.08645551164156308,0.3881506073672694
id20530,0.9945278636280109,0.0027308609292602515,0.0027412754427288432
id13848,0.9667353776945892,0.0035036663165698857,0.029760955988841053
id10774,0.3234062901778374,0.6665035935215394,0.010090116300623243
id15297,0.9971994122964807,0.0012180853930949872,0.001582502310424289
id26457,0.990649685019313,0.0067166343282451845,0.0026336806524417827
id11888,0.0030443496861718186,0.0009703228614724755,0.9959853274523557
id19678,0.0679555105260963,0.9283108642819723,0.003733625191931519
id16314,0.6603857860815892,0.08543026742473135,0.25418394649367954
id21102,0.03758247582552276,0.010345105457099681,0.9520724187173775
id02801,0.9884345676505477,0.006357858745062881,0.0052075736043895185
id16590,0.0270377199413791,0.9689693584195206,0.003992921639100449
id11124,0.980029315909754,0.013465232577594029,0.00650545151265199
id06201,0.7630995918053971,0.04692538786806568,0.18997502032653724
id01175,0.021289129673178614,0.9772071799678356,0.0015036903589857621
id26065,0.11779829890699166,0.01338881158003437,0.868812889512974
id14058,0.0024437569430191446,0.9944965233131474,0.0030597197438334135
id03931,0.9714021121097188,0.002061491732878246,0.026536396157402876
id16065,0.003519536100054486,0.007986502271425824,0.9884939616285197
id21854,0.9871954331346867,0.006478403679530508,0.006326163185782693
id02534,0.0015933733675433078,0.001840490714978509,0.9965661359174782
id16915,0.8601964600433858,0.12096790345321466,0.01883563650339971
id00123,0.9389706646259061,0.002522871875793927,0.05850646349830007
id09002,0.6556040488710655,0.055986791766566624,0.2884091593623679
id15309,0.6453314310150748,0.11249025621612119,0.24217831276880394
id01997,0.007897753781576663,0.0015682934286263695,0.990533952789797
id19283,0.0012086611197894479,0.9978543328330062,0.0009370060472044473
id15365,0.00538929353458486,0.0010487153602725676,0.9935619911051425
id20533,0.0067563312134844835,0.9798830412469787,0.013360627539536906
id03420,0.006589262819138446,0.991293823969485,0.0021169132113765836
id21862,0.995966135984557,0.0011485008171250612,0.0028853631983180137
id01271,0.9894497979500803,0.00384739677300832,0.006702805276911447
id10253,0.04299842689042871,0.004924037978239061,0.9520775351313323
id27068,0.0034394096375544255,0.0012274702173381126,0.9953331201451076
id04470,0.0016665491635822298,0.0011030356919501426,0.9972304151444676
id24281,0.007487750687082792,0.009919348116823835,0.9825929011960933
id19675,0.0020898216171135737,0.0019716745885266875,0.9959385037943598
id01019,0.9930700089815514,0.0028012629792821355,0.004128728039166579
id02394,0.9872001460489571,0.0079166595871443,0.00488319436389862
id14220,0.1281089662441309,0.04244045487601255,0.8294505788798565
id20333,0.016266039421252064,0.9687524032907179,0.014981557288030094
id03310,0.0018362613145854459,0.0012187553776523738,0.9969449833077623
id01218,0.027166402163188167,0.9649786563727627,0.007854941464049166
id01097,0.005531691187780786,0.0023849270186433115,0.9920833817935759
id17769,0.009838334598033264,0.9887926163103194,0.0013690490916471862
id01321,0.9915479582535652,0.0022892842304549662,0.0061627575159797715
id13989,0.014678287734320316,0.00194090388556171,0.983380808380118
id25353,0.002663403391480372,0.0010880798406556762,0.996248516767864
id05404,0.997024089926878,0.0012323659133220376,0.001743544159799995
id15807,0.19415067283523238,0.36805854686954426,0.4377907802952234
id27740,0.0012305934972696728,0.9980147502720499,0.0007546562306803504
id25773,0.4068131440491918,0.5679076663267336,0.02527918962407479
id09063,0.6649879172740648,0.32849898835201613,0.006513094373919097
id26733,0.9887748651515368,0.0096159691242403,0.001609165724222955
id11364,0.002639647464344284,0.0018096888839779777,0.9955506636516778
id01081,0.24747658568889283,0.7389302158928119,0.013593198418295238
id17891,0.30208224670341866,0.6908353039994028,0.007082449297178537
id16260,0.9976038799900687,0.0010755380864786756,0.00132058192345262
id07370,0.9816828729149402,0.005103939277824162,0.013213187807235753
id25809,0.002875515709978668,0.0038029692402738874,0.9933215150497475
id08322,0.8495631793432868,0.13500533402784626,0.015431486628866939
id11563,0.09735195663954312,0.0037686875225226174,0.8988793558379343
id22547,0.23899680573237425,0.7447854459383337,0.01621774832929197
id05541,0.9900408688940608,0.003089615548162658,0.006869515557776408
id18033,0.060920269440253534,0.002353760324735925,0.9367259702350106
id17835,0.008954732968355405,0.004619838941655817,0.9864254280899889
id14785,0.0010020389636264543,0.9981731970822437,0.0008247639541299721
id02706,0.014958847505835019,0.0013767775736299134,0.9836643749205352
id01429,0.9481852405874854,0.0023088117237451094,0.04950594768876949
id10793,0.9365663970151719,0.046050810822248066,0.017382792162580023
id26993,0.9465350697887623,0.04063663005663485,0.012828300154602757
id00891,0.24683254879754224,0.03746617667530099,0.7157012745271568
id07208,0.9520416991496384,0.044191343323474984,0.003766957526886506
id22668,0.00646020314283105,0.0013351976206096416,0.9922045992365592
id22397,0.019273177432194963,0.011481029935397673,0.9692457926324073
id08455,0.7844283308820131,0.03996609764128367,0.17560557147670328
id09541,0.9964061646155664,0.002050294098759098,0.0015435412856745015
id16382,0.9874802044746088,0.010641078459767833,0.0018787170656232042
id00141,0.97411318735886,0.01883552682172418,0.007051285819415755
id11697,0.019843996011403395,0.00292442784196417,0.9772315761466324
id02698,0.0038356071472819015,0.0033870563507190587,0.992777336501999
id15728,0.9493690708623911,0.024027095036193432,0.02660383410141555
id02199,0.9962810777064163,0.00159619894737168,0.002122723346212052
id23574,0.013271087469734296,0.984640899406941,0.002088013123324782
id23537,0.34813489000681486,0.6441007699583325,0.007764340034852587
id21544,0.0026256975138626826,0.002461859135143863,0.9949124433509935
id05648,0.4184871564864679,0.020913152126245293,0.5605996913872868
id01150,0.8247580046049631,0.08126326467396883,0.09397873072106815
id27800,0.1263993572234501,0.8701338854177395,0.003466757358810374
id08694,0.8444036568920533,0.0668094310581473,0.08878691204979954
id08582,0.003308284742089614,0.0009833610743479719,0.9957083541835624
id09514,0.014119419103180967,0.9287950183870465,0.05708556250977261
id01032,0.740089048010435,0.009539048922853314,0.25037190306671164
id27442,0.9764365176108809,0.010735157849891203,0.012828324539227942
id06168,0.010960552344318489,0.9796209454953447,0.009418502160336807
id03607,0.8269341289728573,0.12609500215356026,0.04697086887358231
id07379,0.8004863573072276,0.025352563682965568,0.17416107900980685
id07039,0.9893701056576414,0.0043362124176360445,0.006293681924722562
id25544,0.0012121336051256054,0.9974774444717678,0.0013104219231066761
id02191,0.5949175954168462,0.22800969729877507,0.17707270728437882
id15494,0.0015972385966061733,0.9974329786150031,0.0009697827883907072
id18893,0.0140760415768926,0.10393609360889992,0.8819878648142075
id02854,0.0019465865917970412,0.0010529886784591553,0.9970004247297438
id07465,0.8907182497747493,0.10428465965392845,0.004997090571322172
id04549,0.7489233017435032,0.20893038558267704,0.04214631267381974
id07176,0.187012066850999,0.15568503364151123,0.6573028995074898
id19002,0.004272991506194149,0.0016713670220112654,0.9940556414717946
id10389,0.023852175142662718,0.039101872219245964,0.9370459526380913
id12518,0.0010498201420377656,0.9979420605655962,0.0010081192923659162
id14789,0.10566571253290276,0.008146886824293745,0.8861874006428035
id17492,0.008679472523047375,0.0019456446575156483,0.9893748828194369
id07754,0.20729863168133777,0.05691428327169059,0.7357870850469715
id25013,0.0021826494883197905,0.001026909496296115,0.996790441015384
id25038,0.31059124167960955,0.030110700035776063,0.6592980582846144
id16977,0.9436794751046994,0.00914226329224483,0.047178261603055834
id13605,0.006692247809908891,0.9892429037050009,0.004064848485090148
id22215,0.004050925607529877,0.9950409689289218,0.000908105463548384
id09606,0.8719242331273179,0.00539461393118196,0.12268115294150005
id19495,0.9937306775267439,0.0011415677566441495,0.005127754716611827
id25267,0.9095033686566353,0.002842403508477248,0.08765422783488741
id21723,0.015198221946728633,0.007482733290767457,0.9773190447625039
id26182,0.0011836570164765726,0.9966639942402692,0.0021523487432542243
id03837,0.286728972291908,0.4880934800568517,0.22517754765124023
id03460,0.07585708229694169,0.4386058480542457,0.4855370696488126
id21219,0.7170522885119919,0.22116292232906357,0.061784789158944496
id23500,0.14884565756109008,0.8429005781641578,0.008253764274752133
id09855,0.6724970107953708,0.05418310368384799,0.27331988552078107
id17110,0.09037788544856584,0.05413125922716572,0.8554908553242685
id00454,0.008306777414896624,0.10575732754136323,0.8859358950437403
id03491,0.9610517102364619,0.007954911647608197,0.03099337811593005
id15507,0.9857495087351454,0.003428864128355188,0.010821627136499368
id07779,0.0010959637969810033,0.9979169708065495,0.0009870653964694901
id08681,0.006264791485410606,0.9927178113894667,0.0010173971251226696
id18989,0.002576905654517819,0.00228155984215624,0.995141534503326
id22291,0.061789932253415704,0.025263391592127076,0.9129466761544571
id02500,0.033108476123112886,0.0025939556942982064,0.964297568182589
id21301,0.008580250459849382,0.13812966367640844,0.8532900858637422
id04212,0.9966349622156002,0.001008801785058198,0.002356235999341561
id18154,0.9870110920062952,0.005314484736609956,0.007674423257094884
id18271,0.7513876590688685,0.07839260778669069,0.17021973314444083
id24916,0.9784547270949329,0.017552973551732808,0.003992299353334355
id06151,0.057703115994383915,0.12948388069337816,0.8128130033122378
id16658,0.023110245242257823,0.003708950829623718,0.9731808039281186
id01095,0.9381178656375152,0.009834963955923374,0.05204717040656137
id26478,0.13662380301786886,0.18792726081220015,0.6754489361699311
id21404,0.6515526437636564,0.11391373121431136,0.23453362502203215
id16109,0.03268485840717373,0.9642997844413905,0.0030153571514356984
id04269,0.9914185814131508,0.0027964035449194718,0.005785015041929788
id12501,0.3633108515611297,0.25703748179257757,0.37965166664629274
id14269,0.394995906072307,0.030179414550437433,0.5748246793772555
id22032,0.019989667734558778,0.959530900526581,0.02047943173886031
id08563,0.14535320082163883,0.007809649070427509,0.8468371501079336
id16857,0.3870304258820651,0.1431833825625705,0.4697861915553645
id10883,0.0023802710694076214,0.001071625014600126,0.9965481039159924
id10814,0.0017487642661881714,0.9907255761329669,0.007525659600844953
id03146,0.0020377846496089104,0.0009502846732242988,0.9970119306771669
id14456,0.5574943846412176,0.3903421908607457,0.052163424498036785
id13070,0.002204648003668787,0.001063426612221001,0.9967319253841103
id10508,0.6840953265680664,0.10509877409800968,0.21080589933392402
id19933,0.02737512592776802,0.004756711483412313,0.9678681625888196
id01453,0.003630668082344732,0.0010553912048112935,0.995313940712844
id25737,0.013779503352903788,0.9764474622520899,0.009773034395006376
id13636,0.0010099316595141067,0.9981727983126717,0.0008172700278143439
id03357,0.9939385908930194,0.0025452877471838845,0.00351612135979675
id25589,0.9800467753973936,0.005539839136680799,0.014413385465925556
id12264,0.23381749185485137,0.26931146287498475,0.49687104527016385
id11174,0.9943883622121571,0.003123293222397268,0.0024883445654456846
id25445,0.9678287702485514,0.020075291579641743,0.01209593817180684
id10464,0.3729306681304741,0.012089181124854825,0.6149801507446712
id04672,0.0016425412607716592,0.0010642903753243374,0.997293168363904
id22997,0.9978539166872563,0.0008603694037819996,0.001285713908961679
id15020,0.6692221473656201,0.20373708283650352,0.12704076979787635
id18929,0.41625726185430495,0.03741260818259383,0.5463301299631014
id21858,0.0025445580989148227,0.9945073986112724,0.00294804328981277
id16752,0.013292140284578436,0.21519425465799533,0.7715136050574264
id07286,0.015778005906031626,0.010137788494027064,0.9740842055999414
id09946,0.9210295062195586,0.0067113350854000565,0.07225915869504129
id17756,0.48750037682538866,0.01388616861192537,0.4986134545626859
id18029,0.9670085384514965,0.01097675346407575,0.022014708084427865
id08916,0.0023916628933242953,0.002121770024060443,0.9954865670826153
id23667,0.9966398965799635,0.0016243668697507486,0.001735736550285715
id16810,0.03987366678563468,0.06581458606363412,0.8943117471507313
id03699,0.009673590256444398,0.9860731919575728,0.00425321778598272
id02867,0.9924837526149806,0.002389359843369456,0.005126887541650004
id27798,0.0010564789967756041,0.9951614152583285,0.003782105744896064
id14892,0.9937035061187404,0.0014056807672146899,0.004890813114044897
id12072,0.7789530006574776,0.10195449302872094,0.1190925063138014
id03847,0.0018729287579094193,0.9953876291811373,0.002739442060953326
id04306,0.0012995060048406582,0.9976853672512324,0.0010151267439268878
id00660,0.9959850589931624,0.002559678627128463,0.0014552623797092368
id02817,0.9771565187739313,0.0055642973670745055,0.0172791838589943
id26708,0.9720969780118379,0.023635175079799012,0.004267846908362921
id08443,0.9975680549280677,0.0010035197396981949,0.0014284253322341108
id25532,0.9727134199637044,0.016057281533096043,0.011229298503199486
id16204,0.6230212617368025,0.33701972014801923,0.039959018115178345
id25529,0.279780731005319,0.05558777852262029,0.6646314904720607
id13240,0.9919687274870036,0.0012075037563221667,0.006823768756674262
id27777,0.001808972268661306,0.0010399549684044968,0.9971510727629341
id05838,0.005092017661455303,0.006012601688835485,0.9888953806497093
id14262,0.9027299594620923,0.09146398064953422,0.005806059888373357
id15740,0.9810947305697996,0.013322392861626208,0.005582876568574172
id21610,0.08330582147986754,0.038347258390948685,0.8783469201291839
id01836,0.003253304613591295,0.001739174696932527,0.9950075206894762
id11478,0.46994402153856213,0.031793919202099695,0.4982620592593383
id19069,0.0010037909774043795,0.9981542779349203,0.0008419310876752181
id00705,0.8443228416556626,0.09728526393847782,0.058391894405859505
id21025,0.009931727992350361,0.9881832247208348,0.0018850472868148685
id17580,0.9946131148729543,0.0022815305162904006,0.0031053546107552735
id20231,0.776896639512,0.02745761074216467,0.19564574974583518
id22040,0.9844197087561429,0.001899184020692759,0.013681107223164275
id04577,0.003436695113982653,0.9741684289924359,0.02239487589358137
id05401,0.8399333120200375,0.10285764445238714,0.05720904352757534
id18626,0.8471827987637965,0.11244219789586225,0.04037500334034106
id25089,0.0033379360033552927,0.00373990496205642,0.9929221590345882
id00208,0.06833009219397126,0.05243779134661472,0.8792321164594141
id01188,0.08815468277929132,0.43753268430346987,0.47431263291723874
id11015,0.002371240492891426,0.0010493211994110324,0.9965794383076977
id19689,0.0038046132446783996,0.9952984519927686,0.0008969347625530293
id15107,0.11389021984805153,0.7472087440420139,0.13890103610993465
id09507,0.233737435214992,0.03568080582258435,0.7305817589624238
id20510,0.0011165619693668607,0.9980650967379888,0.0008183412926443452
id21654,0.9914914651236507,0.004539698736489207,0.0039688361398600895
id16581,0.0009834716939859575,0.998081534555077,0.0009349937509371266
id01830,0.044561869426992064,0.7809486431760168,0.17448948739699124
id01533,0.9645374182981904,0.031311763827148106,0.004150817874661595
id11686,0.054069679087295895,0.004290421340250647,0.9416398995724534
id17776,0.09772847941135661,0.24914769993734906,0.6531238206512943
id21512,0.9934817694924029,0.0014318757070042418,0.005086354800592991
id07114,0.8724400331890368,0.024485440052753455,0.10307452675820987
id23236,0.9856125529406955,0.004318291498494989,0.01006915556080965
id21896,0.0035033792504620322,0.0011384898585122824,0.9953581308910259
id09767,0.9378034596553194,0.045580493731055945,0.016616046613624626
id15155,0.10314989238246268,0.8860151289121384,0.010834978705398976
id25025,0.05236209986603834,0.9445862201045513,0.0030516800294103827
id09775,0.4850490966084147,0.08349162889366028,0.4314592744979249
id12679,0.9871032963497277,0.009107837676780332,0.0037888659734919557
id25587,0.9938266404396868,0.0010433383881598146,0.00513002117215332
id01668,0.991106373710247,0.003718626390501451,0.00517499989925154
id01752,0.030719147025600895,0.931163915771655,0.03811693720274429
id04193,0.027128144833886248,0.9688316305217769,0.004040224644336866
id04463,0.007798935079401759,0.9913198299548883,0.0008812349657097944
id12739,0.0013823702878487255,0.9973944624258785,0.0012231672862727165
id03808,0.2849694346221014,0.7036077661424947,0.011422799235403952
id12873,0.751436550117619,0.24374244675848203,0.004821003123899058
id17414,0.07727687645913137,0.0025333173289486723,0.9201898062119199
id00518,0.8882500584280741,0.09814075610639407,0.013609185465531687
id17033,0.002505741883025357,0.9957521090271438,0.001742149089830868
id27523,0.03066079324155546,0.010865693561130088,0.9584735131973144
id07027,0.3038936313641023,0.012033356044100557,0.6840730125917971
id13178,0.005556102153128889,0.9928415792839012,0.0016023185629701396
id22403,0.014269663307888042,0.09147348594782014,0.8942568507442918
id13032,0.022959529069752876,0.970389695215558,0.0066507757146891016
id25640,0.21986683990421826,0.005086682934377044,0.7750464771614047
id27195,0.026441396724570045,0.9508957609884355,0.02266284228699436
id17649,0.0028433493900909754,0.9960116918989059,0.0011449587110030912
id05870,0.0010279327069240777,0.9981290659503254,0.0008430013427506234
id08371,0.8390635083236941,0.03355991545580927,0.1273765762204965
id05779,0.005185421915118113,0.9934935811528504,0.0013209969320314742
id17754,0.1619950396877969,0.056791228506792184,0.781213731805411
id23459,0.8339878159264943,0.02446831897560504,0.14154386509790082
id00272,0.003596460324185454,0.0031716891093511116,0.9932318505664633
id16976,0.011226154795282097,0.9841687560574112,0.0046050891473066865
id19536,0.027644434078417837,0.0018905580710594486,0.9704650078505227
id15607,0.491884092502377,0.2708783301540904,0.23723757734353254
id22387,0.15427760090853385,0.003517502897346861,0.8422048961941192
id18500,0.9798872089812791,0.006905334605423708,0.013207456413297096
id14233,0.003469280649088427,0.0019505831373987127,0.9945801362135128
id06035,0.0014506110905999218,0.9973301690719429,0.001219219837457095
id10373,0.000974960518373554,0.99824588237143,0.000779157110196518
id03405,0.006110710675459641,0.017457991646236178,0.9764312976783042
id26799,0.055955004013537486,0.8599564279727523,0.08408856801371027
id07845,0.1962187766576257,0.7674250794006956,0.03635614394167871
id24750,0.014348043055895312,0.9807358523703124,0.004916104573792313
id08954,0.9962061383270772,0.001730371537494619,0.0020634901354282665
id11528,0.0022426428655693675,0.002424725805141042,0.9953326313292896
id16004,0.07317471137740211,0.9057540616993714,0.021071226923226327
id26048,0.0036510080451033714,0.001229742274935063,0.9951192496799616
id02212,0.0012004418709865537,0.9964290866168519,0.002370471512161594
id06719,0.974108126235885,0.004295527011822055,0.021596346752292925
id26149,0.002690441153720202,0.001429607479460516,0.9958799513668194
id18903,0.17406671899080073,0.12022423346929915,0.7057090475399
id08886,0.041898313365920224,0.9002609863514057,0.05784070028267411
id04680,0.9792852591996266,0.013356745949831779,0.007357994850541605
id11370,0.023187927093356448,0.9726877588474828,0.004124314059160802
id10177,0.0021114807473309985,0.9964456989196889,0.0014428203329800331
id17547,0.9926601499407682,0.004531945920738793,0.0028079041384929597
id27721,0.01820421449817113,0.0052028032614146215,0.9765929822404144
id22691,0.06348055698950704,0.15432647142134565,0.7821929715891475
id22223,0.6539738480367047,0.09480695502960264,0.2512191969336927
id08436,0.0009879164118265474,0.9977991744454832,0.0012129091426903494
id27049,0.013965871958633946,0.003959610113920417,0.9820745179274456
id08661,0.05397056040124753,0.006260347522724034,0.9397690920760283
id14437,0.17546351685236553,0.010481399841209653,0.814055083306425
id20445,0.002196323380073774,0.997021247496538,0.0007824291233883186
id16017,0.9829873225932859,0.004534587531675969,0.012478089875038225
id26707,0.1902489545014524,0.7991839134973967,0.010567132001150906
id05864,0.005846296078241918,0.9385181340956633,0.055635569826094654
id01820,0.6846348330611258,0.04966161856735496,0.26570354837151927
id20312,0.0018465095640028517,0.0011189382448096865,0.9970345521911875
id00338,0.8067125405792935,0.005055374086207948,0.18823208533449853
id08834,0.021614083095368528,0.004046266457758667,0.9743396504468729
id15472,0.13611118348827403,0.007132633941546482,0.8567561825701796
id22975,0.0727796689409826,0.0045551491489176045,0.9226651819100998
id18049,0.001813417675744036,0.9966510856321295,0.0015354966921265123
id09293,0.7551639357555832,0.036085302542064185,0.20875076170235274
id05531,0.0022703092215689484,0.9957184638494058,0.00201122692902528
id25011,0.001969438938059078,0.0009433400341324684,0.9970872210278084
id10383,0.07540607337498817,0.654485363215871,0.2701085634091408
id06209,0.7816401008076505,0.028980661175137933,0.18937923801721168
id06805,0.004222387388033724,0.00289781623623387,0.9928797963757323
id27444,0.1713998459901871,0.02144591104413143,0.8071542429656815
id14989,0.7203304915640052,0.27184897468701724,0.007820533748977664
id04199,0.001537125778686776,0.9962443429096418,0.0022185313116714553
id26510,0.017096512995301117,0.9791176382433385,0.0037858487613603928
id24539,0.0015849933369905672,0.000940377175957451,0.9974746294870519
id06895,0.04941929160055608,0.11015777451850046,0.8404229338809435
id07646,0.9863685045718822,0.01123971679581856,0.002391778632299309
id26877,0.020399642973061606,0.762150078125794,0.2174502789011443
id21582,0.9965151184489721,0.001653122019422906,0.001831759531604989
id13820,0.7502743726615266,0.20270155566330803,0.047024071675165396
id06270,0.9953179431046527,0.0011303612533291635,0.0035516956420180677
id21297,0.0022817676684888165,0.0010305757530265607,0.9966876565784846
id12342,0.00228651387518623,0.0014082362222861057,0.9963052499025277
id24899,0.05452993866611716,0.9421783562804905,0.0032917050533924058
id17818,0.35127919290839765,0.06537863801553236,0.5833421690760701
id25367,0.9921461406557412,0.0037387133394691484,0.004115146004789614
id20336,0.0012601428859896951,0.9921007510034597,0.006639106110550554
id13952,0.9964779180794126,0.0011840905128957585,0.002337991407691683
id18891,0.002098258304552426,0.9945272037681052,0.0033745379273422975
id23341,0.9975554535285839,0.0010452439852858674,0.001399302486130213
id16262,0.9762773290513472,0.020936376526088207,0.0027862944225646043
id22440,0.06066395777766964,0.8792910997660538,0.06004494245627658
id02746,0.6646614608449531,0.2638754494170577,0.07146308973798925
id02150,0.7539075880758611,0.1386331080352717,0.10745930388886721
id27914,0.001586327684051353,0.9972770566580113,0.0011366156579375212
id20728,0.008722616848502748,0.9895686728874235,0.0017087102640738303
id19289,0.3848473620607083,0.3699616886746759,0.24519094926461582
id15681,0.9936191786113802,0.0017562128809062072,0.004624608507713572
id04535,0.9586688929784395,0.01933470927956726,0.021996397741993287
id05844,0.7709776123800586,0.07578018687239983,0.15324220074754144
id19649,0.41996950974214137,0.00769281900383204,0.5723376712540266
id18239,0.9500033540887755,0.03979887707113617,0.010197768840088339
id12373,0.0016780349251221585,0.0008767556506369713,0.9974452094242409
id15896,0.1458488593341809,0.04562380293963573,0.8085273377261833
id26350,0.843298519104132,0.08096605820616848,0.07573542268969942
id25144,0.0019359527298637464,0.001133597192927099,0.9969304500772092
id02340,0.07951010104110988,0.003077374419907467,0.9174125245389826
id22619,0.9085600339776048,0.08269212363882826,0.008747842383566998
id01436,0.055137916012839565,0.016115604981580725,0.9287464790055798
id11974,0.9494304512609545,0.02377869087038,0.026790857868665443
id25301,0.0016438264813215702,0.9975217107695654,0.0008344627491129334
id02386,0.9973615302355471,0.0013612000540318464,0.0012772697104212493
id02896,0.25463436056974836,0.05017690584116008,0.6951887335890916
id10113,0.007368214950237771,0.004686331160694476,0.9879454538890678
id24026,0.993220030242409,0.0012883618860210072,0.005491607871570009
id04062,0.037298155599384965,0.0033741695466785386,0.9593276748539364
id00446,0.9794795478035164,0.009775382961790448,0.010745069234693247
id12604,0.004302509348705008,0.9940295252868713,0.0016679653644237353
id10665,0.0032410918849952136,0.0031800211279154737,0.9935788869870894
id24631,0.9961719099018816,0.0012738316260133336,0.0025542584721051282
id18585,0.08066194293327095,0.004317371208081142,0.9150206858586478
id20131,0.3601743169282665,0.06051528517247814,0.5793103978992553
id05533,0.1003931956213399,0.8724938901787533,0.027112914199906715
id02780,0.0010541511523437907,0.9967399305794314,0.0022059182682247613
id14862,0.9967180871699396,0.0018738893826949175,0.001408023447365428
id00021,0.504944776598666,0.4759603667967846,0.01909485660454953
id07710,0.008184925676568235,0.9906930720846181,0.0011220022388136138
id05997,0.0023804149311112085,0.002983097464637862,0.994636487604251
id13096,0.9179594551918456,0.020661851132853733,0.06137869367530067
id08190,0.05111089208223892,0.920306329991995,0.028582777925766117
id12224,0.42361974176755707,0.0033250496734506586,0.5730552085589923
id26772,0.003528681165682066,0.003867184273535293,0.9926041345607827
id13471,0.002059148008151103,0.001104518486210435,0.9968363335056384
id13042,0.004732609881949988,0.9917912807560455,0.0034761093620046713
id19752,0.9857939778906654,0.0029491223675218348,0.011256899741812995
id17354,0.9878565968057673,0.004655676595554016,0.007487726598678575
id05348,0.25147890100268994,0.3491451268793258,0.3993759721179842
id01089,0.6891436555833551,0.24455002717755733,0.06630631723908763
id15415,0.06761305110900945,0.10220679258473915,0.8301801563062514
id23185,0.0038513470161786884,0.992070431837634,0.004078221146187452
id15948,0.008396908890530188,0.019375319987472422,0.9722277711219974
id18960,0.001960950199179126,0.0010101771201682782,0.9970288726806525
id04259,0.007068429550795562,0.0018371960851104672,0.991094374364094
id04835,0.8356514828343666,0.15489037374457465,0.00945814342105862
id00646,0.15907742875242362,0.8349871309590725,0.005935440288503904
id07794,0.16159555713414409,0.01847924120851689,0.819925201657339
id27295,0.9960879571906762,0.0009505870529451446,0.0029614557563787404
id03761,0.20099365025612848,0.0027033729923069856,0.7963029767515645
id18699,0.782568052428578,0.033607686492677695,0.1838242610787443
id13777,0.9842815585050216,0.003909733099583889,0.011808708395394408
id16379,0.0014202087194457532,0.9977077231399711,0.0008720681405833098
id11274,0.0012606883348503081,0.9969545035956644,0.001784808069485283
id22447,0.9828961511897223,0.005378025293167089,0.011725823517110665
id09330,0.11586534335855907,0.8789404994196759,0.005194157221765093
id24568,0.0017280349266637568,0.001076263640516895,0.9971957014328193
id20813,0.0009443476845091102,0.9982524171546654,0.0008032351608254388
id26929,0.9954475925190343,0.0016561995909256048,0.0028962078900401952
id00474,0.0018188398098634027,0.0011034796343298784,0.9970776805558067
id26179,0.0036670752634896365,0.9948803001916104,0.0014526245449000925
id06170,0.0376739483287627,0.9103437337373843,0.05198231793385297
id24118,0.008507766644192866,0.17968137885641078,0.8118108544993964
id12164,0.0015534660380973776,0.0014521086960369457,0.9969944252658657
id14704,0.02805678827318708,0.5874140220489236,0.38452918967788935
id24051,0.7118025275069298,0.037545815730594616,0.25065165676247547
id07214,0.6339227454956022,0.34348612839820963,0.022591126106188075
id09626,0.001051527935654204,0.9981064010713738,0.0008420709929720047
id08459,0.2214034430172306,0.2138424008636419,0.5647541561191275
id05958,0.9094460228981331,0.06061417953741149,0.02993979756445549
id06807,0.06182575272743641,0.37102286637320275,0.5671513808993609
id11472,0.016060263719141408,0.048486291213387774,0.9354534450674707
id03693,0.9892469203574313,0.007557313026106451,0.0031957666164621687
id11971,0.9910471391662338,0.002352944163485683,0.006599916670280534
id07863,0.010090509160871943,0.001036136597673143,0.9888733542414548
id12806,0.233239172922993,0.010984199523590804,0.7557766275534162
id22335,0.0009347106264587949,0.9982630536601995,0.000802235713341596
id02889,0.001567728698551999,0.9972090431496046,0.0012232281518434862
id14307,0.5809286463341243,0.05076286552762458,0.368308488138251
id03780,0.7837904279737832,0.027295056082478217,0.18891451594373865
id20927,0.9680449281854341,0.01087055353335032,0.021084518281215617
id06114,0.9970632867431465,0.0016332988700001987,0.001303414386853376
id19955,0.07480628233010733,0.011111226937681032,0.9140824907322117
id05083,0.06788425912264487,0.9239109755550562,0.008204765322298928
id16420,0.15722825288575673,0.5527751560342083,0.2899965910800349
id18866,0.021078160396669533,0.9671663488503869,0.011755490752943567
id16425,0.21091420460895574,0.7717671255826201,0.017318669808424222
id04763,0.6823279432170305,0.005342042649234365,0.3123300141337353
id13424,0.18310917804026147,0.0023614398628208043,0.8145293820969176
id14653,0.002877207677651475,0.0051747515393638635,0.9919480407829847
id12637,0.8158946521792139,0.06563314848798131,0.11847219933280499
id10612,0.06621234401882119,0.10980015380001197,0.823987502181167
id10191,0.09475421547038292,0.8185822010701497,0.08666358345946747
id22047,0.8450490093128904,0.02930356886264421,0.12564742182446545
id13726,0.0028004944943889345,0.00231667019182547,0.9948828353137856
id16394,0.03349242537759095,0.9573168514020876,0.009190723220321445
id16723,0.0012088548036633118,0.9978452065662261,0.0009459386301106243
id22819,0.08708933643177874,0.19748977632298437,0.7154208872452369
id01550,0.9977592196600736,0.0009327497095333543,0.0013080306303929288
id10427,0.9964683607852098,0.0014957206802022288,0.002035918534587825
id00480,0.003161161012784344,0.0012902801191416334,0.995548558868074
id08197,0.9664636665064815,0.009138878066333808,0.0243974554271847
id17927,0.004369709703284459,0.9901540241771674,0.0054762661195482286
id01831,0.0010828510607190146,0.9979851285808019,0.00093202035847914
id27206,0.995570782783069,0.002597942464546461,0.001831274752384532
id06106,0.4129953988002118,0.5196207943600835,0.0673838068397048
id14602,0.020632412282388452,0.9749531896931093,0.004414398024502231
id14295,0.9411448889797859,0.023794655348261886,0.0350604556719523
id13835,0.9954405604694517,0.0010746022548861112,0.003484837275662043
id17162,0.19185418788208905,0.7941475194790545,0.013998292638856607
id09149,0.9637653352517498,0.024221650367003897,0.012013014381246342
id22959,0.9931963870410945,0.0025544757206886776,0.004249137238216856
id04363,0.9900507470583172,0.001895591767327715,0.00805366117435504
id14052,0.02643210549105457,0.0017816887982522094,0.9717862057106932
id06966,0.0043532105018579395,0.993945712606194,0.00170107689194808
id09072,0.008265665406345166,0.001537748941037995,0.9901965856526168
id27860,0.0013067340515800243,0.9976797412994823,0.0010135246489377336
id10491,0.9625149322846315,0.02992022506038312,0.007564842654985481
id10097,0.06579502145644864,0.016243111912043515,0.9179618666315079
id04729,0.924106908596448,0.06667734237512607,0.009215749028425936
id01514,0.8030082943782949,0.013719592005621206,0.18327211361608386
id01810,0.006720131442273048,0.0014737494047042084,0.9918061191530229
id17993,0.004079037613524818,0.001073258241744674,0.9948477041447306
id07494,0.9208883161198121,0.04437043853257568,0.03474124534761234
id06286,0.019067317105884718,0.9758009104870221,0.005131772407093231
id24473,0.0013276671183261271,0.9976529846631301,0.0010193482185438094
id19387,0.0025064849147844828,0.0011726417603500664,0.9963208733248655
id05052,0.267251402102706,0.005457126715923066,0.7272914711813709
id10195,0.5616707188306811,0.3578466857626632,0.08048259540665578
id09733,0.0020458879050519302,0.9968324107240732,0.00112170137087495
id04704,0.00287492982435089,0.9847558987780433,0.012369171397605837
id14363,0.6613656504314921,0.06199061825657178,0.27664373131193615
id20531,0.5277688530129218,0.18551219492486515,0.28671895206221326
id11985,0.002552145530463756,0.9963704530684336,0.00107740140110261
id15470,0.01224852583191867,0.7740756092392428,0.21367586492883858
id14132,0.8555809538638832,0.015931719000833715,0.1284873271352831
id20154,0.05031217636142748,0.004050116119868251,0.9456377075187042
id01804,0.9812788312141328,0.0043962243556310105,0.014324944430236118
id06016,0.14666146296319538,0.5262987681684039,0.32703976886840075
id26570,0.2835746928640857,0.16372878598885196,0.5526965211470624
id07511,0.01237165436396685,0.002587456776296647,0.9850408888597365
id18116,0.04261950853738039,0.01801955522666382,0.9393609362359557
id21977,0.9968152736102042,0.0013171093780111481,0.0018676170117846076
id21241,0.6046086664398813,0.07391563555479798,0.3214756980053208
id00526,0.995093075831231,0.0015716500414348312,0.0033352741273341893
id26887,0.9790427720598712,0.002760525009446256,0.01819670293068262
id07812,0.006704749068310578,0.9898649449005439,0.0034303060311455472
id06946,0.8559894443549055,0.12258279712026898,0.021427758524825567
id26152,0.6635551550745387,0.09927970062715806,0.2371651442983033
id23346,0.0020373682961591874,0.0014322872339768943,0.9965303444698638
id20423,0.006805965354932341,0.9064140543785678,0.08677998026649973
id02472,0.9930758626828716,0.0022009644204760864,0.00472317289665228
id10067,0.9783732921020117,0.009251787779354695,0.012374920118633679
id18913,0.9107603988837957,0.043947586558470336,0.045292014557733996
id06021,0.9597833288162986,0.014837220322729902,0.025379450860971525
id09383,0.9876621338681867,0.009923430384113573,0.002414435747699758
id05039,0.2335894837637845,0.4075586538025788,0.35885186243363676
id17961,0.0010621923499715934,0.9980283877013093,0.000909419948719255
id07303,0.2743437682076824,0.43648318190693436,0.2891730498853832
id12014,0.9142417533156603,0.008617659838600663,0.0771405868457391
id24571,0.5747913525676099,0.27645055942246016,0.14875808800992993
id14753,0.010863008251359005,0.0018008813977636907,0.9873361103508773
id23881,0.014858786089403319,0.0012970650585697097,0.983844148852027
id15308,0.08349360804626975,0.004757581467105615,0.9117488104866247
id26981,0.04958819278790403,0.9472417940921815,0.0031700131199145234
id02004,0.8366710835396391,0.061071102377753574,0.10225781408260737
id27588,0.010852581334768241,0.9879027091611704,0.0012447095040613307
id01412,0.954345374462989,0.039986841099623645,0.005667784437387337
id07330,0.9525379221004534,0.016928677648289547,0.03053340025125696
id06458,0.8350239200095234,0.1560516446268849,0.008924435363591596
id24374,0.7528308612921549,0.007432537096709946,0.23973660161113505
id21074,0.286429290287824,0.6892681612970625,0.024302548415113732
id14698,0.8995077349487007,0.0899886312134592,0.01050363383784018
id02828,0.01991169311458497,0.9720287342044255,0.008059572680989674
id17007,0.42612686320252396,0.08977443219911403,0.484098704598362
id10321,0.9802024348293156,0.017385511247996862,0.0024120539226876116
id27020,0.9963017383977392,0.001721890907157038,0.001976370695103898
id07994,0.04465551581121,0.005624984842133543,0.9497194993466564
id17693,0.5587818223855482,0.015311949896061064,0.4259062277183907
id12249,0.6378025722140727,0.047057975547791724,0.31513945223813566
id17618,0.4514208589659144,0.19282115676439418,0.3557579842696914
id03610,0.001158950148844655,0.9979570632484333,0.0008839866027220686
id25299,0.0018725010372646095,0.9973062461429127,0.0008212528198226404
id26302,0.0015928617961407283,0.0010126388741778854,0.9973944993296814
id25671,0.9882010947122525,0.0015074606031677308,0.010291444684579758
id05337,0.9917652960262836,0.006262159733854335,0.0019725442398620045
id14314,0.9973455745175862,0.0012217620169672364,0.001432663465446545
id06153,0.23893578824360426,0.697987998088944,0.06307621366745171
id23640,0.9372763417020268,0.03618941061338334,0.026534247684589864
id11609,0.010348844649712424,0.011983522594012393,0.9776676327562752
id01587,0.002045445029732913,0.9967998500743519,0.0011547048959153748
id07840,0.018295659946163806,0.9764998316639377,0.005204508389898582
id08776,0.0016276713335128307,0.001151995973685646,0.9972203326928014
id23823,0.3147414360782966,0.03498081670322361,0.6502777472184799
id01988,0.6092083199775112,0.06416357381914706,0.32662810620334176
id00914,0.07633588272107665,0.0199026829251567,0.9037614343537667
id08782,0.10983592228468265,0.8764143771972291,0.01374970051808812
id19523,0.09268922779078421,0.6504469740099542,0.2568637981992616
id16255,0.9876558751626888,0.0019592134216062673,0.010384911415704922
id24994,0.9800950252566318,0.015011652387062598,0.0048933223563056615
id08320,0.7957046880344203,0.1837593751973238,0.020535936768256
id13435,0.8778334336636359,0.04331447834535251,0.07885208799101162
id16169,0.9822323158519412,0.008433783956968343,0.009333900191090467
id14648,0.009207706673599707,0.0026547869777401537,0.98813750634866
id05166,0.005819560357529602,0.0031756963232988573,0.9910047433191717
id03127,0.9815285948503103,0.013741674623469957,0.004729730526219733
id17861,0.0014205907336354226,0.9973506103166742,0.0012287989496905013
id26015,0.1549937780388283,0.7602730789321471,0.08473314302902463
id18370,0.08870823589925887,0.8224714978588946,0.08882026624184658
id09060,0.009212566060312538,0.14818567622722056,0.842601757712467
id24091,0.8963639107499461,0.08525231627884804,0.01838377297120586
id07104,0.001953642070821193,0.001474519864407357,0.9965718380647713
id11356,0.6443642258183845,0.05959992427877583,0.2960358499028397
id06470,0.6273471537303626,0.014517530344028163,0.35813531592560915
id01589,0.06019408402721068,0.8956800378303033,0.04412587814248616
id08554,0.00428674571608783,0.0013399295446509172,0.9943733247392613
id09159,0.0030238780894329235,0.0025226004327831464,0.994453521477784
id27923,0.0048410103117121584,0.9938045308312954,0.001354458856992333
id21805,0.9246515134050944,0.016851906755183874,0.05849657983972162
id25913,0.001079521161865004,0.998024431163588,0.0008960476745470217
id22133,0.003726013521056551,0.9881786707633232,0.008095315715620187
id23578,0.008039240774787787,0.01749592772085451,0.9744648315043577
id19906,0.9122076123846993,0.028511236837030867,0.05928115077826993
id23425,0.42206880357649873,0.562337256308675,0.015593940114826224
id24419,0.0016452652819685311,0.0010719878113146244,0.9972827469067168
id04882,0.012014359719676475,0.07440727489675063,0.9135783653835728
id05907,0.003887555698803471,0.0036691786992769132,0.9924432656019196
id03304,0.1908496557026053,0.004208529590341847,0.804941814707053
id25903,0.9967137619618986,0.0011354196512255884,0.002150818386875615
id24644,0.1119815090472029,0.5334823893116462,0.35453610164115085
id12457,0.5969267143855926,0.33448839565133154,0.06858488996307595
id12678,0.043447630501674085,0.009063989408461471,0.9474883800898644
id00745,0.08842130748562904,0.412363347936191,0.49921534457818
id11492,0.010207786672067672,0.0031372577355360098,0.9866549555923964
id17684,0.0009463003757031077,0.9983032360063144,0.0007504636179825507
id03031,0.9874415417646462,0.0014643998291763922,0.011094058406177462
id02734,0.48072132983462534,0.29837911843411863,0.22089955173125606
id18707,0.9974354265497599,0.001195642547903029,0.0013689309023370646
id19611,0.0014197378609380612,0.9973526335831547,0.0012276285559070907
id21666,0.009389014161532594,0.014361758810314795,0.9762492270281525
id02381,0.8639795033256169,0.11596564551360074,0.02005485116078222
id10121,0.003006438499923108,0.01794912579886047,0.9790444357012165
id08625,0.004715486217350179,0.9900706677393162,0.005213846043333595
id23705,0.2072031884301199,0.7499117457229071,0.042885065846973075
id11071,0.9936966955654435,0.002022141745188747,0.0042811626893677615
id04112,0.9976773465865648,0.0009640891707626643,0.0013585642426726357
id07009,0.0032833193339473457,0.9957046939046679,0.0010119867613847167
id20858,0.006480034717326629,0.019080060237949992,0.9744399050447234
id22933,0.9918460643035631,0.0020036142002214864,0.00615032149621542
id23387,0.6093290215726695,0.05119414681209011,0.3394768316152404
id27440,0.9776046423142953,0.0031912147299524136,0.019204142955752335
id22802,0.05802832530463384,0.6943952415188382,0.24757643317652792
id15646,0.7052720228174425,0.038049315075629093,0.25667866210692836
id20764,0.055934442203093175,0.9356306698968283,0.00843488790007856
id13962,0.740254942672223,0.007757028067029974,0.2519880292607471
id21222,0.0012647580176301206,0.9973819272309408,0.0013533147514292534
id15100,0.2513365362616062,0.7096040385080635,0.03905942523033031
id26646,0.9321277354739151,0.005213383231090098,0.06265888129499474
id20580,0.32991952212706704,0.044458669390228044,0.6256218084827049
id03361,0.526782263802101,0.46378295649343276,0.009434779704466283
id16997,0.9043902184586595,0.039199903877782334,0.05640987766355817
id03766,0.009258849226534083,0.9888593362887059,0.0018818144847600278
id25308,0.00549239445480373,0.9915263514935755,0.0029812540516208053
id14227,0.9082258488121407,0.04888850027848347,0.04288565090937585
id18981,0.9966563310444413,0.0013764021619492306,0.001967266793609519
id08604,0.2585780901544066,0.7303711626175898,0.011050747228003649
id01231,0.0021286798535776834,0.0011466039588740665,0.9967247161875483
id14396,0.988212392175587,0.0019953270519493956,0.009792280772463675
id10664,0.9941494274963826,0.0032684220839558145,0.00258215041966158
id25054,0.37046528017659464,0.053983959216325206,0.5755507606070801
id21090,0.010687029229290318,0.0042232443424326666,0.985089726428277
id18919,0.018985259056693796,0.9792475432292035,0.0017671977141028399
id09306,0.24496535340301498,0.01926780342914641,0.7357668431678386
id17472,0.0013688550803164093,0.9960357313557756,0.0025954135639078882
id16216,0.9938048368223643,0.0018432874525686205,0.00435187572506697
id16476,0.2742064030363524,0.06945853642154291,0.6563350605421047
id03744,0.1603656013864608,0.022346000405851604,0.8172883982076876
id01447,0.002697936631910508,0.9961709960771273,0.001131067290962156
id02156,0.0010328089450349102,0.9977755602057893,0.0011916308491758281
id08234,0.004682343367172603,0.9932431664727724,0.002074490160055015
id23588,0.7442472239597123,0.24893031712040425,0.006822458919883311
id05199,0.6953374623137276,0.2390339345654983,0.06562860312077419
id02550,0.0020582411143914587,0.9965593426712746,0.0013824162143340948
id11023,0.4434658793654164,0.4254709081379702,0.13106321249661348
id05877,0.9735495248508333,0.007644520081625664,0.018805955067540986
id20169,0.0009438825134096691,0.9983213310205411,0.0007347864660491253
id01479,0.01602808336623417,0.9669901216227287,0.016981795011037235
id06362,0.0033439881981499314,0.041310752035677835,0.9553452597661721
id24209,0.030105448154885483,0.003233214710281451,0.9666613371348332
id24989,0.012325391704832605,0.001892444432992776,0.9857821638621745
id20617,0.0019294346296508365,0.0010990943674417724,0.9969714710029075
id01558,0.006207289699137091,0.0012925634028135952,0.9925001468980493
id08401,0.039362544681144286,0.9508564922503338,0.00978096306852205
id22432,0.0011324706478623894,0.9963102132725273,0.0025573160796104025
id08491,0.9694603205670885,0.005417832581338149,0.02512184685157331
id27653,0.0013005182982906017,0.9938754625386247,0.004824019163084833
id26541,0.0027549701790761222,0.0031494847028691176,0.9940955451180548
id15879,0.0009478017037099617,0.99820115275866,0.0008510455376300577
id11158,0.9763772087505131,0.0033077645095987485,0.020315026739888036
id07126,0.07116274555848316,0.005054505397289737,0.9237827490442271
id13453,0.9704357503505013,0.005138391144392134,0.02442585850510644
id14370,0.6980667959038462,0.030909569983595498,0.27102363411255825
id11798,0.06537875117294865,0.6056740042925534,0.32894724453449803
id02066,0.997229738847727,0.0014168360554341584,0.0013534250968387596
id17208,0.37219361864943323,0.011058204725380218,0.6167481766251866
id03477,0.9677139087740864,0.004488021651299539,0.027798069574614104
id12433,0.0767172620102463,0.010662703996704465,0.9126200339930493
id27240,0.11487507413167553,0.0043229328712611455,0.8808019929970633
id15202,0.9854306670594711,0.012144270476769978,0.002425062463758921
id26452,0.001453191502753572,0.9977429857493246,0.0008038227479217806
id27047,0.9558730767277074,0.028938528395850597,0.015188394876442043
id19750,0.06893090576153031,0.004276972838992887,0.9267921213994769
id09647,0.0014783318288576844,0.9952958088201904,0.0032258593509519756
id12835,0.9966092684708528,0.0009702363916880438,0.0024204951374592193
id14678,0.0008773509179732687,0.9983636021610085,0.0007590469210183716
id14267,0.0009506469588749874,0.9981745019592804,0.0008748510818446358
id05722,0.13288554655320503,0.8579067956215015,0.009207657825293473
id11045,0.0037662092373110076,0.9940466529205508,0.0021871378421381726
id25605,0.2194791264714749,0.7334524130915224,0.04706846043700272
id09535,0.6232958400456535,0.3434769881130502,0.03322717184129622
id24161,0.9408574306544293,0.046917543940952426,0.012225025404618279
id23260,0.9911954999459939,0.0023613690630590383,0.006443130990947186
id03550,0.004596527786586849,0.002944245649782875,0.9924592265636303
id03978,0.9722637782109769,0.011786751047983232,0.015949470741039945
id10960,0.0010044468569239964,0.9977829053300044,0.0012126478130715
id23563,0.01705014541821948,0.9804468835418062,0.002502971039974311
id09598,0.0019875696756208937,0.9939870206480105,0.004025409676368716
id11836,0.0740004663519504,0.0029991275592749643,0.9230004060887746
id01564,0.11744336134094802,0.5841506633360285,0.2984059753230235
id08260,0.018039983289661648,0.9801596628330534,0.001800353877285005
id26693,0.8253401453060079,0.02023739100854421,0.15442246368544804
id05818,0.9885858347610053,0.009459960893018262,0.001954204345976537
id10052,0.0025421715099078228,0.000908317790357558,0.9965495106997347
id06996,0.0389036753263879,0.003503163300425409,0.9575931613731866
id03498,0.9955360469146893,0.0018187665943861832,0.0026451864909245565
id24171,0.996489963658354,0.0014881281248402438,0.0020219082168058777
id03216,0.44258139430468124,0.5339830945561365,0.023435511139182325
id13713,0.5247272949395853,0.04453682710978196,0.4307358779506328
id21438,0.29111498444713985,0.6795923971477399,0.029292618405120374
id05120,0.001037155535430572,0.998151560991554,0.0008112834730154197
id26274,0.9093601983915858,0.005266636957272353,0.08537316465114193
id19486,0.017255715947065518,0.001646218761441549,0.9810980652914929
id00056,0.0048286528694169864,0.9926951900216626,0.0024761571089205194
id08986,0.00676223941358357,0.9923635443656512,0.0008742162207652481
id16920,0.8835901236935949,0.10715781646901758,0.00925205983738748
id25020,0.00176618876062231,0.002077812152153124,0.9961559990872245
id08816,0.8110392153585271,0.07395203233552308,0.11500875230594981
id10222,0.5784999828560187,0.2276005006213129,0.19389951652266843
id20729,0.0030401677052087055,0.0017747794979414777,0.9951850527968498
id11416,0.4369513379433149,0.011963531651614729,0.5510851304050703
id21626,0.9954620254093719,0.002581503602194505,0.0019564709884334476
id27918,0.010266212996513958,0.0016638004568720604,0.988069986546614
id23794,0.8197971793526149,0.05037885051508644,0.12982397013229877
id25676,0.001349163948299801,0.9973059788573942,0.001344857194305912
id20582,0.058159515704576066,0.031954388201487695,0.9098860960939362
id19525,0.9126871047524778,0.015816691926898954,0.07149620332062324
id22885,0.017311092650866302,0.9785252264491496,0.004163680899984013
id04386,0.8668290265002625,0.12398989939200152,0.009181074107736035
id21869,0.8743910751266206,0.02770982608147109,0.09789909879190824
id02252,0.0016023977675280949,0.0009304790230063783,0.9974671232094656
id17132,0.003093138170796252,0.9957519801422924,0.0011548816869114938
id15261,0.7942116307962558,0.09961977762896183,0.10616859157478248
id25890,0.000969134512894077,0.9981727613508262,0.0008581041362797246
id12308,0.0010819871606265947,0.9978692076368013,0.0010488052025720755
id19157,0.9765309500590816,0.01825037351998535,0.005218676420932999
id01053,0.9447869608330156,0.05273288980283466,0.002480149364149635
id01274,0.01180202146893697,0.9853725944564603,0.0028253840746026945
id23684,0.0009807196322700112,0.9979474227962434,0.0010718575714865563
id09483,0.005811454435916183,0.0027734284400803646,0.9914151171240034
id14048,0.001997840757017496,0.9950442107461642,0.0029579484968182954
id17452,0.7939013760343561,0.10164148720535693,0.10445713676028694
id19712,0.9961404905600361,0.000851101719523021,0.003008407720440988
id19305,0.9882543669283658,0.008833351475823674,0.002912281595810591
id12722,0.9859454374030062,0.0016229804227097955,0.012431582174284068
id00091,0.9447949490618227,0.0066484133981277935,0.04855663754004955
id22760,0.0014686222005221583,0.996938425006667,0.0015929527928108475
id03385,0.9939291272034456,0.002594441619091742,0.003476431177462703
id09814,0.9610891171501463,0.020189496216421198,0.01872138663343249
id26862,0.5061970418507692,0.4833373554521067,0.01046560269712417
id27667,0.0017971817545793477,0.0009532582333402614,0.9972495600120803
id19218,0.7684851652183035,0.08819029196618779,0.14332454281550872
id13022,0.011003209679057527,0.002739513214160863,0.9862572771067817
id19550,0.9869923288113851,0.007583528570988324,0.005424142617626704
id20889,0.000986408615859907,0.9981697105872351,0.0008438807969049052
id27606,0.050469290087907015,0.016379470980387095,0.9331512389317059
id06478,0.3747675346075765,0.2690423650241172,0.3561901003683063
id00743,0.9814995585442707,0.014733980668843993,0.0037664607868852945
id13545,0.7191370374483611,0.25967872749882576,0.021184235052813083
id20449,0.0011961911155393419,0.9973978388607451,0.0014059700237156322
id15786,0.003581396064414577,0.9894511609335893,0.006967443001996067
id23531,0.10090484013004748,0.0035155580440322065,0.8955796018259203
id03826,0.9968885732769949,0.001169505882696672,0.0019419208403086453
id01489,0.0017915793372186729,0.0008951884544735731,0.9973132322083077
id27300,0.01091639123025479,0.30203290990689574,0.6870506988628495
id11242,0.7418016499097666,0.1652840721287302,0.09291427796150327
id07841,0.0034803209532563444,0.9947224988152437,0.0017971802315000544
id18310,0.0015765600481794562,0.0010500272009240667,0.9973734127508965
id13128,0.5162111653320144,0.3563624845020459,0.12742635016593976
id12051,0.9955588699994603,0.002147099830497614,0.0022940301700421946
id12893,0.0024663203560599096,0.00131915796665966,0.9962145216772805
id01677,0.0017154403732308058,0.0010733617815926056,0.9972111978451766
id22621,0.001090732927280353,0.9979513984535506,0.0009578686191690413
id22402,0.8986354653882809,0.013400084571580012,0.08796445004013903
id04719,0.983546679435293,0.002545720452516817,0.013907600112190222
id02657,0.008941793054659081,0.002218180743395738,0.9888400262019451
id09858,0.001416956092454501,0.9969507156085582,0.001632328298987321
id11907,0.9820625020969036,0.008585736687993952,0.009351761215102332
id02864,0.0009933476263652903,0.9982189639650718,0.0007876884085629239
id18784,0.0010849050647717578,0.9979195388885462,0.000995556046681951
id04049,0.0010733722929863172,0.9976060051350419,0.0013206225719716216
id19646,0.01852586532442911,0.008142068232025882,0.973332066443545
id04482,0.11800910757828498,0.023800400207891693,0.8581904922138234
id10098,0.9640388892539203,0.024054166458776487,0.01190694428730303
id04277,0.0016200020270743035,0.0010869189041560305,0.9972930790687696
id15650,0.0012047132381856082,0.9970226111876902,0.0017726755741241296
id17458,0.13735384475769322,0.2372437668255348,0.625402388416772
id05605,0.9881271382965443,0.006954617852447507,0.004918243851008248
id21634,0.9789694477316697,0.0026538810327209755,0.01837667123560935
id18991,0.019680621313084012,0.014773844268706935,0.965545534418209
id17823,0.8707568197440825,0.02102355711876529,0.10821962313715228
id21663,0.0019042729079894304,0.0009753327440874477,0.9971203943479231
id00332,0.9738350215107435,0.018499046114530016,0.0076659323747265765
id03396,0.0019188791188266502,0.0018968900138843425,0.9961842308672889
id22030,0.8467804739804983,0.09759198088594612,0.055627545133555494
id12106,0.0023890812469345153,0.0010409770572611403,0.9965699416958044
id19116,0.0009756588258865543,0.9980363655925121,0.0009879755816014368
id16067,0.259006864695003,0.23616433276460844,0.5048288025403886
id19180,0.022485094536595338,0.9398867428084658,0.037628162654938783
id13810,0.811313291298107,0.10286998097993212,0.08581672772196079
id02278,0.9252708598147824,0.00783432528791579,0.06689481489730177
id03716,0.0010062338045334343,0.9981067558604471,0.0008870103350195543
id18243,0.016756293621169073,0.0033813164781876133,0.9798623899006432
id21651,0.036613579849315576,0.002981367612262434,0.9604050525384219
id03062,0.001050768987901007,0.9981643024968498,0.0007849285152491406
id19584,0.030519139099407566,0.11528312611370446,0.854197734786888
id00453,0.01618305618216555,0.982389210838262,0.0014277329795723001
id19164,0.6393194013494928,0.20860049415545281,0.1520801044950543
id20703,0.9972367609480169,0.0012934720955021127,0.0014697669564810035
id16750,0.0019388465762429539,0.0014146100242949644,0.996646543399462
id10659,0.02874586194093043,0.9693787719278536,0.0018753661312159123
id10822,0.9385799900563695,0.05496379139077772,0.0064562185528528665
id17126,0.9217743459646878,0.020336799771772506,0.05788885426353965
id09486,0.02406526320037991,0.08293905439991396,0.8929956823997062
id19274,0.006842603614985905,0.005177750706740882,0.9879796456782732
id06680,0.153060832413076,0.804798643884728,0.04214052370219589
id06453,0.29090638611652814,0.6992795739978153,0.009814039885656564
id17296,0.7386825210906897,0.2515957299725242,0.009721748936786111
id26624,0.9626590329369066,0.007638231336310113,0.02970273572678325
id27937,0.2543811891356584,0.03331482229497174,0.7123039885693698
id03567,0.13703146074859737,0.6153121031783858,0.24765643607301677
id21679,0.051401731256341766,0.012034191378390272,0.936564077365268
id11822,0.09004935291235827,0.8454933227598455,0.06445732432779615
id05631,0.23859413253101466,0.5401855717162037,0.22122029575278165
id07916,0.9879239549123212,0.005271808062934639,0.006804237024744138
id22943,0.26348008852038934,0.34699227015708445,0.3895276413225263
id16238,0.035990458519398506,0.007900855387428482,0.956108686093173
id09338,0.0019506180705054644,0.9960557452270494,0.001993636702445098
id00690,0.5315696520773053,0.3608256382275057,0.10760470969518898
id18143,0.943067734512033,0.004091058538465839,0.05284120694950123
id16128,0.4765048562035002,0.038192748119101165,0.4853023956773987
id05293,0.25307330541346945,0.7254759610049805,0.02145073358155011
id14028,0.9892737164931605,0.002869213777173066,0.007857069729666516
id11330,0.16870282935205339,0.004314506960999983,0.8269826636869467
id06732,0.9782875414934903,0.017314521812437856,0.004397936694071915
id21643,0.9951059964348407,0.0013541207901022975,0.0035398827750570115
id05339,0.9600927135676223,0.02247709014476015,0.01743019628761754
id23639,0.23574666537525846,0.08574433559043841,0.6785089990343032
id02324,0.002397500693916341,0.9953490168959634,0.0022534824101201785
id10995,0.9834768008229972,0.010223807230112108,0.00629939194689088
id24770,0.7791117719548674,0.10253658202728771,0.11835164601784492
id10890,0.00434350046377988,0.0015882399521203914,0.9940682595840998
id05754,0.04250910151160403,0.831060537459596,0.12643036102879995
id06112,0.5006725579686737,0.03418097016518002,0.46514647186614627
id07814,0.48044442144408345,0.01083352024296741,0.5087220583129491
id22190,0.0021000615083046938,0.005790444898188733,0.9921094935935066
id03924,0.6473370970782879,0.23718336479818136,0.11547953812353079
id12399,0.9875894764547204,0.005731440056303302,0.006679083488976299
id24592,0.0010711265818007267,0.9980075031039267,0.0009213703142726142
id02246,0.3330859669853766,0.17295414819835428,0.4939598848162692
id27400,0.6542477855977991,0.22485732220496965,0.12089489219723142
id05463,0.9976488498744004,0.000918775436337745,0.0014323746892617895
id19056,0.9875798957092746,0.00871453980375691,0.003705564486968314
id18203,0.0011850466909898254,0.9977135291073634,0.0011014242016466997
id17994,0.0017118899582918804,0.9969622178081977,0.0013258922335104742
id04624,0.9618963896974876,0.0028826315214901532,0.03522097878102227
id14211,0.047172669965728754,0.9360113518089413,0.01681597822532996
id17666,0.0011311416416413698,0.9979755092800776,0.00089334907828104
id27791,0.0017414161125178546,0.9974199066344829,0.0008386772529991308
id26915,0.0017832252915154195,0.0010758245477870147,0.9971409501606976
id20850,0.9960195672440636,0.00080277408092794,0.0031776586750084817
id02479,0.9777551120092173,0.01366230704423801,0.00858258094654475
id19216,0.03935227002009916,0.014071318993985858,0.946576410985915
id15032,0.9942194158780544,0.0013714650330752438,0.004409119088870367
id11648,0.9554609313959328,0.029272329046129187,0.015266739557937961
id11404,0.7349210224186677,0.004944528219568602,0.2601344493617637
id04792,0.3883126090535791,0.07721691893793727,0.5344704720084837
id06259,0.003918872247376432,0.992522113809113,0.0035590139435106166
id02315,0.9845420418930811,0.002761171441350289,0.0126967866655686
id26220,0.002246764536399513,0.001066792052522343,0.9966864434110781
id14224,0.0017747435832427272,0.0031005594628471292,0.9951246969539101
id24510,0.9749863616245804,0.01622320851225613,0.008790429863163501
id25807,0.5349404571005483,0.01867419877154667,0.4463853441279051
id24371,0.9958754189938112,0.0010136997043558816,0.0031108813018328927
id19322,0.9929105813020715,0.004494452018950761,0.0025949666789776226
id04487,0.01220365146245267,0.9736857707002491,0.014110577837298362
id16287,0.001738742279293753,0.0009704928877743343,0.997290764832932
id10151,0.9949861080079611,0.0011427414169004173,0.0038711505751386696
id24773,0.5978107115705361,0.39602232473774523,0.006166963691718715
id04590,0.6378071277487182,0.1863466434978621,0.17584622875341982
id19470,0.0013095209176853726,0.9977084065220098,0.0009820725603049303
id11043,0.9409487350815727,0.037746380040270616,0.021304884878156533
id04896,0.9762270474285085,0.00992179928317293,0.013851153288318553
id07929,0.00531037640576277,0.011184922739644674,0.9835047008545926
id16322,0.593167925136492,0.17678989530575373,0.2300421795577543
id16673,0.7532299933609683,0.21779117414480761,0.028978832494224217
id17319,0.5669051736855751,0.25781195431014575,0.17528287200427908
id02034,0.1426438097277735,0.07856086440313077,0.7787953258690957
id14845,0.5256344074432411,0.006132459606170241,0.4682331329505886
id18397,0.0898759525848386,0.003501436118783646,0.9066226112963777
id12215,0.9903320576361875,0.007861953102729411,0.0018059892610830808
id13418,0.0014082152033853337,0.9968667864881283,0.0017249983084862237
id27031,0.9473615580249363,0.005576797382814341,0.047061644592249534
id04125,0.003727269999819841,0.01037433472152153,0.9858983952786587
id20099,0.04027905300143076,0.0014510372314971397,0.958269909767072
id19615,0.9849771949319033,0.004537836716923025,0.010484968351173664
id19764,0.0022140262475497264,0.9907164225596263,0.007069551192823903
id19355,0.0035627428154717225,0.9852381639968871,0.011199093187641082
id21354,0.0032972130141909126,0.9954932782346008,0.0012095087512083217
id27731,0.5481818987186644,0.3015490050254108,0.15026909625592477
id21786,0.16066705508125045,0.8249529038866882,0.014380041032061383
id07154,0.9950911189296227,0.0015254335207669546,0.0033834475496104187
id17071,0.23938659946850718,0.6306330976105298,0.1299803029209631
id18742,0.15830214433110465,0.024063914893967513,0.8176339407749279
id22704,0.9629179349507225,0.012708224200760093,0.024373840848517504
id05691,0.0012513153158115254,0.9918645622238218,0.006884122460366612
id11449,0.0014004215754596053,0.9974244468068155,0.0011751316177250704
id05869,0.5661923574159873,0.2596269035181958,0.174180739065817
id09773,0.0011763712790815587,0.9969372592296083,0.001886369491310225
id19265,0.8219168171018737,0.01324284701245767,0.16484033588566854
id00961,0.0022348669834627304,0.0013692230754388708,0.9963959099410985
id11112,0.011718679394070985,0.9529037830758403,0.03537753753008858
id19326,0.9909837959104245,0.004218519865074988,0.004797684224500611
id08277,0.0009722532535668442,0.9980780102772181,0.0009497364692151919
id00384,0.004754849464022504,0.9941137673130394,0.0011313832229379718
id23483,0.001212316273825683,0.9979488300295202,0.000838853696654166
id04168,0.9969457763903572,0.0015120919665986086,0.0015421316430443213
id02040,0.8710693311672536,0.04494386876281329,0.0839868000699332
id02937,0.9939336114781211,0.004701964165112521,0.0013644243567664685
id19743,0.9931720101009193,0.0032538248839475217,0.003574165015133144
id10559,0.9750407493356629,0.017238294005899005,0.007720956658438129
id06206,0.0014350570970575857,0.9973545043990306,0.0012104385039117748
id09452,0.9972565955962459,0.0009401723432528415,0.0018032320605011587
id15092,0.07279074782025789,0.06519065354766529,0.8620185986320769
id07838,0.011410161666132531,0.0024153713406474407,0.9861744669932201
id00582,0.07547723147618288,0.017200868949535125,0.9073218995742819
id09012,0.0017042372377456677,0.0009628758873323494,0.9973328868749219
id23304,0.24104921335698118,0.6106514756974657,0.14829931094555307
id15628,0.5989554698277447,0.08459190726625426,0.316452622906001
id04098,0.9402940948312652,0.027471318742109344,0.03223458642662554
id11222,0.0009501342816287963,0.998109478878769,0.000940386839602239
id12064,0.9326872092063808,0.060273821949929494,0.007038968843689636
id04578,0.9956785079636062,0.0015251595034527856,0.002796332532940999
id23786,0.9976346342871013,0.000843556926842363,0.0015218087860563593
id06115,0.37872156232955984,0.16712353916304942,0.4541548985073908
id00221,0.9561837203027929,0.00404946185160078,0.039766817845606296
id18156,0.017620804935669112,0.0018963541608650648,0.9804828409034658
id03321,0.7089050917299771,0.010125333021544973,0.28096957524847793
id06912,0.9796836428878621,0.003108338028228018,0.017208019083909804
id06041,0.0009582171361212517,0.9982049927348563,0.0008367901290224378
id11582,0.0031262712430803336,0.0009107107724107196,0.995963017984509
id26826,0.8292500414655568,0.14166680860975192,0.029083149924691267
id18758,0.38885624884723796,0.050152812295059024,0.5609909388577031
id05078,0.012668776429694988,0.013695196325020758,0.9736360272452842
id27098,0.002873727490320203,0.9923738407051946,0.004752431804485213
id08830,0.0009388152239270496,0.9982792097523298,0.000781975023743328
id10473,0.6829066787395012,0.030576975175742618,0.2865163460847561
id27956,0.2276507537676289,0.7654887802577347,0.0068604659746363495
id10727,0.011214317094842852,0.9875549421555152,0.0012307407496419261
id10461,0.0019675098383787554,0.0009096166944711223,0.9971228734671502
id09926,0.24945965718675,0.739183459966917,0.011356882846333015
id27159,0.9963167303109488,0.001074066015414364,0.0026092036736368386
id26320,0.008665096650668006,0.0037478885332127964,0.9875870148161191
id23154,0.0027800599145830465,0.9958383073924878,0.001381632692929149
id18631,0.7777643730975644,0.016219099783316846,0.2060165271191187
id03012,0.9793105626982315,0.009196148539545394,0.011493288762223068
id21229,0.004562167921091188,0.001419074315301799,0.994018757763607
id25983,0.5462866349730163,0.0572307547306688,0.3964826102963149
id04801,0.9921082504784998,0.004574558882771266,0.0033171906387287893
id19563,0.0025891323290150293,0.0018843404834048407,0.9955265271875801
id04649,0.9309295381854749,0.021294712496173124,0.047775749318351955
id14880,0.5137246742637221,0.004686942451277658,0.4815883832850003
id08145,0.038066406727231404,0.001915035353416157,0.9600185579193524
id20325,0.032693773670889985,0.9622372040560293,0.00506902227308067
id24566,0.9273044638675177,0.049925709806134616,0.022769826326347636
id21668,0.9703253535010793,0.01699641832870648,0.012678228170214363
id00555,0.8562928076076385,0.07178979667088661,0.07191739572147487
id00290,0.0024748747460058085,0.0014376230183879221,0.9960875022356063
id22105,0.012266257989579808,0.9830266856698563,0.004707056340563935
id19041,0.2201746866258096,0.013659686405819334,0.7661656269683711
id17130,0.9972588281760171,0.0009297295510813016,0.0018114422729016307
id24523,0.0072740671883006975,0.9890684080363802,0.0036575247753191688
id01711,0.08644821544378088,0.852024428094002,0.06152735646221705
id06490,0.0010400759261594737,0.9980784995112931,0.0008814245625473975
id07329,0.992457539443432,0.003000053532864665,0.004542407023703435
id14050,0.30753135189003405,0.032756181967978054,0.659712466141988
id20972,0.6105295138680796,0.23875471113669408,0.15071577499522626
id19442,0.9973822234408645,0.0009280998741706464,0.00168967668496482
id00974,0.0011601223495442644,0.9974916810843206,0.0013481965661350827
id18554,0.0019544814365374547,0.0014734647545028353,0.9965720538089596
id23670,0.06432555005928797,0.8194587313507614,0.11621571858995063
id10039,0.934311701147525,0.03175676985102139,0.033931529001453666
id04016,0.002497817258211255,0.9966217499279,0.0008804328138888089
id21753,0.03374658403830164,0.007489036092179785,0.9587643798695185
id08244,0.003480452605540502,0.0019238307747490328,0.9945957166197105
id14333,0.0010971812869868063,0.9978397921180827,0.00106302659493051
id07454,0.7113132739523711,0.04467264202988491,0.24401408401774408
id27789,0.016256020006291377,0.005917831199129944,0.9778261487945787
id25416,0.0016924867928233714,0.0008718517370065317,0.99743566147017
id14021,0.008899992635920506,0.9900180700488277,0.0010819373152518737
id07675,0.956183929692631,0.03261602854312232,0.011200041764246679
id12638,0.0018781947285549095,0.0008919554981035681,0.9972298497733417
id01791,0.0019257716645323638,0.000894220898879259,0.9971800074365884
id02401,0.0013251024509488903,0.9975977881941963,0.0010771093548548375
id25303,0.8736149705400811,0.02065830586043275,0.1057267235994861
id11868,0.9958890290609128,0.0024162329263054806,0.00169473801278164
id19604,0.8626828944473184,0.11952597655377968,0.017791128998901874
id04464,0.9882934734161086,0.0014735888239328625,0.010232937759958377
id04904,0.004574704281984297,0.99400207944035,0.0014232162776656404
id25701,0.13528487699899694,0.015434700204865023,0.849280422796138
id11878,0.9973909042174425,0.0012773707621007364,0.001331725020456761
id17906,0.9259428203770831,0.004894843908196963,0.06916233571471993
id11838,0.9742409409615821,0.007214677705934415,0.018544381332483473
id22729,0.16098739783163254,0.004199611017148069,0.8348129911512193
id10180,0.0016802499381788894,0.9948832712294041,0.003436478832416958
id25465,0.9745019704937204,0.01667941789914883,0.008818611607130796
id12330,0.010723759854186736,0.9879107534297745,0.0013654867160386838
id08253,0.9963486556615598,0.0011093277856646354,0.0025420165527755265
id13338,0.09899918306913986,0.8964103038807208,0.004590513050139414
id00064,0.0018491567625857689,0.0008710296486763505,0.9972798135887379
id05778,0.3339453928283939,0.027767460590460886,0.6382871465811452
id27435,0.007267714807210117,0.010181286884772224,0.9825509983080177
id02123,0.27621973152669516,0.2098267799798814,0.5139534884934235
id15037,0.0022499318018797516,0.0008290119533487928,0.9969210562447715
id24425,0.002035998588992919,0.9960773373157487,0.0018866640952585883
id24312,0.9974237686851222,0.0010261530860759753,0.0015500782288019874
id13936,0.11203557007731257,0.004807277304454374,0.883157152618233
id21343,0.328395632277973,0.12590003242879735,0.5457043352932297
id01847,0.9730475861277702,0.007518044203179929,0.019434369669049815
id08113,0.0011564240623492849,0.9977730263618151,0.0010705495758355952
id00813,0.2630241324229324,0.019645650620430975,0.7173302169566367
id07060,0.9570124405656273,0.0022764282437942283,0.04071113119057845
id02143,0.0021093915338866146,0.0008110121367603671,0.9970795963293532
id23911,0.8463365571155891,0.015174279920583636,0.13848916296382732
id24765,0.0023930560415328377,0.0017044592787993785,0.9959024846796677
id14432,0.9966190156241344,0.0017918597588716197,0.0015891246169940643
id23084,0.554128228117623,0.2934218677847053,0.1524499040976717
id14072,0.030573342707926793,0.005126393432419694,0.9643002638596535
id04712,0.9783905180843924,0.012490814450016563,0.009118667465591127
id05358,0.0019127990203463624,0.9973093593753927,0.0007778416042610314
id13208,0.1585965178800385,0.6232473256512665,0.21815615646869504
id09035,0.02050477337545233,0.9613621587966175,0.01813306782793023
id01207,0.0025416796502242653,0.0009727534059045213,0.9964855669438712
id13769,0.0020746451460037993,0.006171187690617104,0.991754167163379
id21953,0.8836799178907304,0.06626638263375316,0.050053699475516376
id10618,0.997114649489903,0.0013942836602243106,0.0014910668498726864
id02743,0.197100525977106,0.03069163907377485,0.7722078349491192
id10681,0.9928095508233156,0.0017795087030035798,0.005410940473680896
id21840,0.029914925244495263,0.9666611763866367,0.003423898368867995
id15165,0.9879961760255557,0.008036955543757348,0.0039668684306869515
id21409,0.9901223299448946,0.006369510385457436,0.003508159669647969
id20776,0.9971597510156606,0.001095714967189115,0.0017445340171503808
id24182,0.0017481510669026324,0.9950173822876001,0.0032344666454973705
id03985,0.984028029225222,0.0017490905297700254,0.014222880245008002
id13314,0.025401639374213886,0.0015379825452269621,0.9730603780805591
id16080,0.16160025078083304,0.017257946690364807,0.8211418025288021
id20879,0.004224301200882889,0.0028618734536600397,0.992913825345457
id03487,0.11347831016820158,0.6811887736963396,0.2053329161354588
id16895,0.2507419405703812,0.0037716964763820347,0.7454863629532368
id14117,0.9973091498698984,0.0013856173193475504,0.0013052328107539645
id24687,0.0014521393331832263,0.9972889987574086,0.0012588619094081382
id27266,0.9919270079697337,0.00474550392537084,0.0033274881048955623
id17727,0.0014102922312923183,0.9976338522731,0.0009558554956076849
id01424,0.22637591133050616,0.09287277470881065,0.6807513139606831
id13519,0.20142267851795914,0.058565625363556806,0.740011696118484
id24389,0.4454659748570961,0.06063791465363561,0.4938961104892683
id27384,0.001880402447739029,0.9962805804136768,0.0018390171385840237
id22542,0.003955055156661942,0.9935390497898292,0.0025058950535089735
id14971,0.15060730506416406,0.37467133978142986,0.4747213551544062
id16906,0.018514664142820658,0.001487286376217219,0.9799980494809621
id23436,0.5346992088763795,0.189773675687012,0.27552711543660857
id07795,0.986491684964547,0.002393530226449237,0.011114784809003768
id20908,0.0011735650377235295,0.9972700046435711,0.001556430318705391
id05705,0.0010477331657542275,0.9977008779395162,0.0012513888947295064
id21726,0.9648248342801077,0.0269626223219669,0.008212543397925553
id15824,0.9793047681718408,0.009867984202353545,0.010827247625805718
id11664,0.09199032227472322,0.8997057558692338,0.00830392185604294
id20717,0.9798794863706818,0.01408424309077542,0.006036270538542787
id25073,0.9936017826396779,0.0026327159110229315,0.003765501449299207
id19975,0.9714571926956174,0.014102570691930239,0.014440236612452237
id01530,0.0022241694609876753,0.002203604658139265,0.9955722258808731
id07198,0.9676105325224711,0.024242618954534275,0.008146848522994639
id23375,0.2087961980883197,0.01195116856325129,0.779252633348429
id23510,0.15152993251784333,0.1722831988339751,0.6761868686481817
id11003,0.06293382999120602,0.006220220754767347,0.9308459492540266
id19570,0.0015876363137823594,0.0010110749092346084,0.9974012887769831
id09157,0.09758515739836764,0.3622839718849846,0.5401308707166478
id08350,0.0960875935258213,0.23688789562878276,0.6670245108453958
id23690,0.001287033418429569,0.9970839919599509,0.0016289746216196317
id04708,0.006074205418902992,0.9919397303567768,0.001986064224320093
id07407,0.0011329387208511056,0.9974938167183441,0.0013732445608047109
id12229,0.005468222779791765,0.9840455754712073,0.010486201749000924
id09624,0.9845814622140874,0.005142651717956926,0.010275886067955672
id01851,0.0023944027736669976,0.9967184643720864,0.0008871328542465842
id25578,0.021225412237166896,0.004959411132726618,0.9738151766301065
id18715,0.0013564242413084497,0.9968777791709816,0.001765796587709839
id19828,0.005958339691672028,0.006267852442300387,0.9877738078660276
id07606,0.005442183798443641,0.9931291480968486,0.001428668104707928
id04689,0.0046827929421071205,0.001919632977625614,0.9933975740802673
id12662,0.9841925623475053,0.0028851668497412784,0.012922270802753363
id09448,0.005651621561454218,0.0011014484435251306,0.9932469299950206
id05593,0.03350009983791591,0.003006692558398101,0.963493207603686
id12242,0.7962710086505732,0.07146667685804502,0.13226231449138173
id16254,0.010166470731002011,0.010079730642217566,0.9797537986267804
id23022,0.8228444022940415,0.07709704956830865,0.10005854813764982
id11937,0.001020759448097913,0.9981122606208238,0.000866979931078473
id23889,0.0011473108977483265,0.9980023124168639,0.0008503766853879198
id08737,0.003585539735011915,0.0010957667110258558,0.9953186935539623
id02936,0.9527158451771921,0.016953740071136543,0.030330414751671392
id16424,0.0020906296440750334,0.0018925306720963396,0.9960168396838286
id04527,0.9935893676438873,0.0014756698950899047,0.0049349624610228035
id08009,0.026291804736856984,0.9717593745975881,0.0019488206655549148
id02893,0.996549924370277,0.0009764729844488389,0.0024736026452741766
id06437,0.03971553203125334,0.001399269849957309,0.9588851981187894
id05106,0.03473297936644739,0.961907057066879,0.003359963566673708
id20371,0.3514812714213024,0.6120949173606104,0.0364238112180873
id10480,0.9962677523173181,0.0012010721997219467,0.0025311754829599703
id00054,0.20893421081888489,0.029841804046152238,0.761223985134963
id04293,0.9544845779681891,0.003916287762693287,0.04159913426911773
id27790,0.004787392790041141,0.009883587720371392,0.9853290194895875
id05768,0.9330369961699381,0.004370619355584439,0.06259238447447739
id03493,0.2026616624780517,0.0187774954164517,0.7785608421054966
id07713,0.001238908539389162,0.9974647120955625,0.0012963793650482335
id25369,0.6260743784051424,0.3537835365311926,0.020142085063665088
id15942,0.0009803505860244918,0.9981927223677493,0.0008269270462262125
id07031,0.9169671238969931,0.06258393486546493,0.020448941237542092
id05297,0.9967889261580299,0.0012723189306868836,0.0019387549112831564
id18393,0.9976828065589793,0.0010755129241289034,0.0012416805168918726
id15888,0.011868942863259166,0.0056287501249828,0.9825023070117581
id19080,0.0010422086904758752,0.9980830506463144,0.0008747406632096877
id24893,0.7037816724912878,0.08866828155208924,0.20755004595662307
id07455,0.0010358938855818834,0.9980418050449668,0.0009223010694513354
id23149,0.06358382986770546,0.3531228336512599,0.5832933364810347
id11695,0.9885969709140219,0.006244244701150159,0.005158784384827999
id18914,0.13177752350941466,0.8579034816765067,0.010318994814078825
id17272,0.0012511280561338268,0.9977579485141836,0.0009909234296824566
id10815,0.0052817633184161035,0.026028868991116876,0.968689367690467
id05524,0.023893305967611887,0.003515588663460585,0.9725911053689275
id03566,0.9958916340560929,0.0020485565324418406,0.002059809411465258
id18302,0.0009949505916939947,0.9982283677821556,0.0007766816261503338
id17557,0.22557127986305825,0.24913669911028327,0.5252920210266585
id09215,0.2987718623248949,0.14686638154344892,0.5543617561316563
id09806,0.29218693876291135,0.07079302021524161,0.637020041021847
id24214,0.1151410088814887,0.5273367650860538,0.3575222260324575
id15771,0.0029631957996219343,0.9959521004456752,0.0010847037547029432
id10344,0.0027326111070253034,0.0008576062027362072,0.9964097826902384
id24470,0.0029385521754961685,0.0009195621986439594,0.9961418856258598
id03540,0.38933619432602423,0.5746990099183009,0.0359647957556749
id11849,0.9934007870054206,0.0041580322185331,0.00244118077604632
id15936,0.002906037914297839,0.9942691777190232,0.002824784366678946
id26668,0.0012052425830311137,0.9980697709889664,0.000724986428002531
id14973,0.0010465738005665589,0.9980406703757104,0.0009127558237231331
id09253,0.3187474536251225,0.6468987858415721,0.034353760533305425
id04442,0.995011541957893,0.0034678243381776543,0.0015206337039293109
id15783,0.997307985370489,0.000835840555564336,0.0018561740739466471
id21142,0.0010265212416721836,0.9981162898195959,0.0008571889387319399
id08739,0.11223721714046157,0.00429710855264745,0.883465674306891
id04838,0.7395649037161003,0.23269570329244474,0.02773939299145491
id20495,0.0018529185805430098,0.9971980350894861,0.0009490463299708799
id12543,0.09846877065566907,0.8951858633733547,0.006345365970976198
id06438,0.18340275570644057,0.6644151330186238,0.1521821112749357
id05130,0.026180445547986736,0.0392836994523706,0.9345358549996426
id04021,0.05239752635940942,0.8780258781745154,0.06957659546607527
id07424,0.9944656206767571,0.0026233801782879003,0.002910999144954917
id10957,0.8920499779178094,0.013056861642137723,0.09489316044005298
id25486,0.13243794922575475,0.48246652635961107,0.3850955244146342
id27133,0.0018640242880078742,0.9964071349494438,0.0017288407625482745
id25916,0.002158841584320274,0.9954277247736244,0.002413433642055368
id26534,0.7791192065323039,0.17919285887990669,0.041687934587789376
id07665,0.9450686400793683,0.04651671240707204,0.008414647513559708
id16023,0.8455970202980673,0.08185164494172327,0.07255133476020957
id26313,0.38245426145541384,0.46032823018465807,0.15721750835992798
id23598,0.0395204745892285,0.9564910590093704,0.003988466401401182
id02236,0.48951380241804804,0.4822905016354291,0.028195695946522853
id22228,0.003579909095811956,0.001905719290979885,0.9945143716132082
id10566,0.09996076134968719,0.0034707209137273005,0.8965685177365855
id18930,0.05371404388455076,0.9446398977798114,0.001646058335637866
id22503,0.0021194010848819517,0.9913402479450415,0.006540350970076496
id00883,0.9913076815798004,0.0032419438682077255,0.005450374551991798
id17889,0.009229988953554978,0.0013947177711963476,0.9893752932752488
id23057,0.0062951596818280366,0.0020061807752019207,0.99169865954297
id22298,0.0032586290465743267,0.9956325110932931,0.001108859860132605
id08642,0.6845515295611465,0.2904945471001779,0.02495392333867567
id11451,0.008456671059215944,0.9899268576771453,0.0016164712636388054
id26890,0.06328118580930679,0.0064391141228549624,0.9302797000678383
id06959,0.9163805461273914,0.030199217820261092,0.053420236052347615
id10312,0.003197816481666374,0.9948920892639653,0.0019100942543683077
id26189,0.9064496168956543,0.04919654139542349,0.044353841708922266
id15670,0.0030391840130924515,0.9936957574201525,0.0032650585667551454
id21041,0.9470965177138663,0.016076740876967546,0.03682674140916627
id16333,0.027080386928529807,0.011810993162097367,0.9611086199093729
id04999,0.7136505585104042,0.014385801716906134,0.2719636397726896
id09573,0.9977440893641848,0.0009681505583670459,0.0012877600774482683
id08811,0.09211447784039695,0.01358754941249025,0.8942979727471129
id26296,0.0017344117048699557,0.9965043209135903,0.0017612673815397262
id25274,0.2591794474626168,0.6939317007155491,0.04688885182183431
id21393,0.0010656303159125424,0.9981092531317194,0.0008251165523681515
id24140,0.2003867359518859,0.004415091634556965,0.7951981724135572
id17770,0.991493396241015,0.002367481797334389,0.006139121961650725
id27948,0.8640151790953796,0.1273849708993415,0.0085998500052789
id21742,0.0022138066029316595,0.0011834021104453788,0.996602791286623
id08632,0.2900861688726531,0.5873448131936784,0.12256901793366844
id25164,0.0013593049420046856,0.9974337508020259,0.0012069442559694697
id12663,0.0022844036832076558,0.0032411484113685327,0.9944744479054238
id24244,0.651042411535909,0.3290836527627075,0.01987393570138346
id22570,0.0020691625587205865,0.0011198065061699526,0.9968110309351096
id01370,0.07625567677830487,0.1521644528409639,0.7715798703807314
id08265,0.0009506575237049698,0.9982839960980056,0.0007653463782895196
id11362,0.9835754769137796,0.004679489973163573,0.011745033113056894
id20586,0.15627965295506374,0.038567322434105454,0.8051530246108308
id18619,0.9781106876241865,0.013026832066397133,0.008862480309416417
id04225,0.004839568232641243,0.007193090424592253,0.9879673413427666
id03206,0.9886206300758005,0.009761339568659813,0.0016180303555398152
id19051,0.8824818926433576,0.0852439949651355,0.03227411239150694
id16655,0.9095109614375995,0.034643956837349464,0.05584508172505103
id15044,0.9764122242699921,0.019484943872964445,0.004102831857043501
id15324,0.016618343899581438,0.00760883774569291,0.9757728183547257
id11614,0.9955731685488348,0.001464611538015262,0.002962219913149832
id19947,0.9801895617552029,0.007133771441412287,0.012676666803384855
id21384,0.0034104878756367235,0.009050099498789323,0.987539412625574
id15903,0.008135930418480724,0.9882153667741008,0.003648702807418459
id11810,0.9869381698021201,0.0018741960814536885,0.01118763411642626
id08577,0.6440316764622422,0.31961424597911975,0.03635407755863812
id04459,0.9803029409928955,0.001740283608042446,0.017956775399062028
id16594,0.9570710839588576,0.004646262362644566,0.038282653678497834
id07582,0.04391117361103217,0.3329909535112833,0.6230978728776845
id22445,0.05472661381221731,0.06027378903776104,0.8849995971500216
id24995,0.890464993063237,0.07375724827738446,0.03577775865937859
id17743,0.0010645643425763686,0.9978578797975718,0.0010775558598518547
id15931,0.889762500448026,0.10323293642282357,0.007004563129150424
id18274,0.0035425332455694537,0.001075262010119235,0.9953822047443114
id10679,0.0020155991090088188,0.0010316557429363002,0.996952745148055
id26485,0.01710661207969666,0.025755940816637762,0.9571374471036656
id26661,0.5398370626591915,0.4366748699973162,0.023488067343492357
id19891,0.07531996500842415,0.009778565222403493,0.9149014697691724
id22796,0.047933323945525,0.01916843742620206,0.9328982386282729
id01290,0.007090751830487452,0.0031338154196241404,0.9897754327498886
id07275,0.004108328083146778,0.968354745227833,0.027536926689020053
id27365,0.17809760288003953,0.01673270737977929,0.8051696897401813
id01855,0.4824863276259168,0.00895771126833938,0.5085559611057439
id23106,0.9766610573282867,0.002519552379411175,0.020819390292302082
id10775,0.518414768802819,0.44134324872636643,0.04024198247081467
id21518,0.0016619776752466039,0.996651147555616,0.0016868747691375305
id13294,0.004052862519345494,0.9940233973994665,0.0019237400811881386
id10053,0.12553669890340033,0.03691767463316458,0.837545626463435
id22854,0.07504529571378286,0.00249635485550056,0.9224583494307166
id06528,0.996958938757551,0.0014687034928747324,0.0015723577495742637
id23477,0.6743253380666809,0.14731215346139065,0.17836250847192844
id22603,0.8030260325581572,0.17665057095891815,0.020323396482924607
id25503,0.18126701045341723,0.8100232034497088,0.008709786096873853
id11782,0.982336996343134,0.007533006627510142,0.010129997029355771
id10033,0.9833619103393016,0.014869512642613205,0.0017685770180852455
id13457,0.9933313324638672,0.005305127380619117,0.001363540155513734
id22882,0.9947167367596524,0.0020860845810380725,0.0031971786593094
id10105,0.989106742930181,0.0019593101144964155,0.008933946955322585
id06179,0.9885939150776744,0.0054847685092588375,0.005921316413066826
id02260,0.0013577559891186015,0.996874668552422,0.0017675754584593761
id09915,0.7577623633389141,0.17842794861256742,0.06380968804851854
id19634,0.9941406613929833,0.0011583565447112478,0.0047009820623054146
id27268,0.9970054698082077,0.0011566609689855265,0.0018378692228067986
id09138,0.9718545631379004,0.025289063359890743,0.002856373502208763
id09648,0.0016600563193896448,0.0008053045981980053,0.9975346390824124
id15576,0.15009064768459546,0.02681712368376858,0.8230922286316359
id07902,0.962441255632975,0.004900364444560822,0.032658379922463975
id14103,0.026600964791237646,0.0018514599775150277,0.9715475752312474
id18469,0.962162455803561,0.02530696712237467,0.012530577074064292
id11704,0.11293438533204063,0.8831395433502583,0.003926071317701021
id15761,0.10602004677289971,0.007078186824172854,0.8869017664029274
id07184,0.9753923477986035,0.01699218292688113,0.007615469274515286
id20863,0.002277777379066982,0.996486603886392,0.0012356187345410757
id16528,0.0013886981096196242,0.9976321549660293,0.0009791469243510297
id20372,0.1160120315286498,0.8726571228650398,0.011330845606310294
id23087,0.0032010451081707614,0.0010179690906250679,0.9957809858012041
id22750,0.4679469084968552,0.01079983597206327,0.5212532555310817
id00760,0.9957034563534332,0.0012726847574029525,0.0030238588891639095
id22235,0.37106227174031653,0.00787240782984111,0.6210653204298423
